{"docs":{"0":{"id":0,"title":"About","url":"/about/","date":null,"categories":[]},"1":{"id":1,"title":null,"url":"/index.html","date":null,"categories":[]},"2":{"id":2,"title":null,"url":"/search.html","date":null,"categories":[]},"3":{"id":3,"title":"Graham Cracker Crust","url":"/components/graham-cracker-crust.html","date":null,"categories":[]},"4":{"id":4,"title":"Red Berry Dessert Topping","url":"/components/red-berry-dessert-topping.html","date":null,"categories":[]},"5":{"id":5,"title":"Vanilla Custard Filling","url":"/components/vanilla-custard-filling.html","date":null,"categories":[]},"6":{"id":6,"title":"Broccoli Beer Cheese Soup","url":"/recipes/broccoli-cheese-soup.html","date":null,"categories":[]},"7":{"id":7,"title":"Crockpot Buffalo Chicken","url":"/recipes/crockpot-buffalo-chicken.html","date":null,"categories":[]},"8":{"id":8,"title":"Green Chile Stew","url":"/recipes/green-chile-stew.html","date":null,"categories":[]},"9":{"id":9,"title":"New York Strip","url":"/recipes/new-york-strip.html","date":null,"categories":[]},"10":{"id":10,"title":"One Minute Muffin","url":"/recipes/one-minute-muffin.html","date":null,"categories":[]},"11":{"id":11,"title":"Pork Steaks","url":"/recipes/pork-steaks.html","date":null,"categories":[]},"12":{"id":12,"title":"Red Berry Tart","url":"/recipes/red-berry-tart.html","date":null,"categories":[]},"13":{"id":13,"title":"Roasted Brussels Sprouts","url":"/recipes/roasted-brussels-sprouts.html","date":null,"categories":[]},"14":{"id":14,"title":"Roasted Okra","url":"/recipes/roasted-okra.html","date":null,"categories":[]},"15":{"id":15,"title":"Smashed Carrots","url":"/recipes/smashed-carrots.html","date":null,"categories":[]}},"index":{"version":"0.4.5","fields":[{"name":"title","boost":10},{"name":"tags","boost":20},{"name":"body","boost":1}],"ref":"id","documentStore":{"store":{"0":["chowdown","databas","hacker","plain","recip","text"],"1":["activ","add","app","around","attempt","austin","autom","beati","beer","behind-the-scen","berri","better","bit","break","broccoli","brussel","buffalo","burnout","came","card","carrot","chees","chef","chicken","chile","chowdown","clark","clark@clarklab","close","collect","come","content","contribut","cook","cracker","crazi","creat","crockpot","crust","custard","data","databas","definit","delici","dessert","develop","direct","dozen","each","eas","eat","everything'","exampl","excit","famili","favorit","featur","fill","fix","folk","format","friend","github","go","gourmand'","graham","green","hack","hacker","hei","here","here'","home","hood","i'm","i'v","icon","ingredi","inspir","it'","jekyl","jekyll'","layout","learn","let'","list","lock-in","magic","markdown","microdata","minut","more","move","muffin","name'","new","okra","on","open","organ","out","over","page","paprika","photo","place","plain","pork","portabl","process","progress","rad","read","readi","recip","red","roast","same","save","schema.org","second","servic","share","simpl","smash","someth","soon","soup","sourc","special","spot","sprout","stai","steak","stew","store","strip","stumbl","tag","take","tart","text","thing","top","tri","twitter","under","us","vanilla","via","view","work","year","york","you'v"],"2":["abov","articl","beef","carrot","class=\"mt3","complet","contain","data","direct","element","enter","entri","file","full-text","function","h1","href=\"{{url","icon","index","indexurl","ingredi","js/index.json","json","mb0","mustache.j","recipe'","result","search","search-query').lunrsearch","search-result","search-results-templ","selector","sou","templat","term","titl","url","vide","within"],"3":["1","1/3","2","6","beta","bowl","butter","camera","cheesecak","chowdown","cinnamon","clarklab","combin","copi","cracker","creat","crumb","crust","cup","direct","document","food","form","graham","heart","icon","ingredi","li\").prepend('<input","logo","made","melt","muddler","pan","perfect","press","processor","puls","ready(funct","rss","shape","simpl","sketch","subscrib","sugar","tart","tb","tsp","type=\"checkbox","ul","us","via","white"],"4":["1","1/2","1/4","15","berri","beta","camera","cheesecak","chowdown","clarklab","combin","copi","creat","cup","dessert","dice","direct","document","heart","honei","icon","ingredi","li\").prepend('<input","logo","made","mash","min","perfect","raspberri","ready(funct","red","rest","rss","simpl","sketch","squirt","strawberri","subscrib","sugar","tart","top","type=\"checkbox","ul","via","white"],"5":["1/2","1/4","2","all-purpos","alon","amount","beaten","beta","boil","bowl","bring","bubbl","camera","chowdown","clarklab","combin","constantli","cook","copi","creat","cup","custard","direct","document","egg","extract","fill","flour","gentl","gentli","heart","heat","hot","icon","ingredi","itself","li\").prepend('<input","lightli","logo","longer","made","medium-high","milk","minut","over","pan","ready(funct","reduc","remov","return","rss","salt","saucepan","simpl","sketch","small","smooth","stir","subscrib","sugar","tart","teaspoon","thicken","type=\"checkbox","ul","until","us","vanilla","via","yolk"],"6":["1","1/2","1/4","10","4","4-5","add","beer","beta","bock","boil","bring","broccoli","broth","butter","carrot","celeri","chees","chicken","chowdown","clarklab","cook","copi","cream","creat","crouton","cup","dice","direct","document","down","feel","flour","free","garlic","go","gourmand’","heart","heavi","hot","icon","ingredi","inspir","li\").prepend('<input","logo","made","min","muenster","onion","ounc","pale","quart","ready(funct","real","recip","reduc","rss","sauc","serv","shiner","shred","simmer","sketch","soup","start","stir","subscrib","tablespoon","teaspoon","thing","type=\"checkbox","ul","until","us","via","want","well","whatev","white","wine","worcestershir"],"7":["1","6-8","abov","add","beta","bonu","bottl","bowl","breast","buffalo","butter","chicken","chowdown","clarklab","cook","cooker","copi","creat","crockpot","direct","document","easi","favorit","frank’","game","guest","hawaiian","heart","hell","hot","hour","icon","ingredi","li\").prepend('<input","logo","long","love","low","made","mix","night","packet","parti","perfect","pickl","ranch","ready(funct","recip","red","roll","rss","serv","shred","sketch","slow","soft","stick","subscrib","super","take","time","type=\"checkbox","ul","via"],"8":["1","1lb","add","anyth","anything’","around","beta","camera","campsit","chicken","chile","chowdown","clarklab","consist","cook","copi","corn","creat","crouton","direct","document","down","fair","feel","free","game","green","ground","heart","icon","ingredi","jar","kitchen","li\").prepend('<input","list","logo","made","mix","on","onion","pan","pre-mad","ready(funct","red","rss","serv","simpl","sketch","soup","start","stew","sub/swap/switch","subscrib","type=\"checkbox","ul","via","whatev","you’v"],"9":["140","2","bag","bath","beta","bia","both","butter","chart","chefstep","chowdown","clarklab","consult","cook","copi","creat","dial","direct","document","drop","dry","flavor","go","handi","heart","herb","hot","hour","icon","ingredi","lazi","li\").prepend('<input","logo","made","nap","new","ny","option","pan","pat","precis","pull","ready(funct","rss","salt","scorch","sea","sear","sketch","slice","sou","sprinkl","steak","steak(","strip","subscrib","take","tast","temperatur","term","type=\"checkbox","ul","ultim","via","vide","water","york"],"10":["1","1⁄2","1⁄4","bake","beta","camera","chowdown","cinnamon","clarklab","coffe","copi","creat","cup","custom","direct","document","egg","flax","goodi","heart","high","honei","huge","icon","ingredi","li\").prepend('<input","logo","made","make","meal","micorowav","minut","mix","morn","muffin","mug","oil","on","powder","quick","ready(funct","rss","seed","sketch","stevia","subscrib","sugar","tast","teaspoon","tempt","time","trai","type=\"checkbox","ul","vertsatil","via","you’v"],"11":["140","24h","3","anova","bag","bath","beta","call","cheap","chowdown","circul","clarklab","cold","complet","cool","copi","creat","cut","dai","dang","direct","document","freezer","fridg","gonna","good","graduat","heart","hot","ic","icon","immerison","individu","ingredi","i’m","li\").prepend('<input","logo","longer","made","meat","pan","pork","portion","ready(funct","reheat","roast","rss","save","seal","sear","serv","shoulder","sketch","sou","sourch","steak","submerg","subscrib","techniqu","type=\"checkbox","ul","up","via","vide","white"],"12":["1","1/2","1/3","1/4","15","2","6","all-purpos","amount","assembl","bake","bbq","beaten","berri","beta","boil","bowl","bring","bubbl","butter","camera","chowdown","cinnamon","clarklab","combin","compon","component-bas","constantli","cook","cool","copi","cracker","creat","crumb","crust","cup","custard","dessert","dice","direct","dish","document","easi","egg","extract","factor","fairli","fanci","favorit","fill","flour","folk","food","form","gentl","gentli","go","graham","hackathon","heart","heat","honei","hot","huge","icon","ingredi","li\").prepend('<input","lightli","logo","longer","made","make","medium-high","melt","milk","min","minut","muddler","over","pack","pan","parti","piec","place","pour","press","processor","puls","raspberri","ready(funct","recip","red","reduc","remov","rest","return","rss","salt","saucepan","shape","sketch","small","smooth","spread","squirt","step","stir","strawberri","subscrib","sugar","talk","tart","tb","teaspoon","thicken","top","tsp","type=\"checkbox","ul","until","us","vanilla","via","white","wow","yolk"],"13":["1","10-15","2","assort","bake","beta","blacken","broiler","brussel","bui","bunch","central","chees","chowdown","clarklab","close","consid","copi","cranberri","creat","dang","depend","direct","dish","do","document","edg","emul","etc","ey","feel","fri","gold","golden","good","grate","guid","hard","healthi","heart","heb","icon","ingredi","it’","keep","late","li\").prepend('<input","logo","loos","lot","made","make","market","min","none","oil","oliv","option","oven","pecorino","pepper","place","pleas","pre-slic","raisin","ready(funct","remov","roast","rss","salt","salti","serv","sheet","sketch","slice","sow","sprout","start","subscrib","such","sweeten","tast","tbsp","thin","thinli","top","toss","touch","try","type=\"checkbox","ul","under","veggi","versatil","via","want","wash","ye","you’r"],"14":["1","10-15","2","asia","avoid","bake","beta","blacken","broiler","bunch","chowdown","clarklab","copi","creat","cut","dang","dash","direct","dish","document","enough","etc","ey","found","good","great","half","heart","heb","hibachi","icon","ingredi","keep","lengthwis","li\").prepend('<input","logo","love","made","make","min","okra","pepper","per","pod","prep","pull","ready(funct","realli","requir","roast","rss","salt","seaso","season","sheet","simpl","simpli","singl","sketch","slice","spici","start","subscrib","tast","that’","tip","toss","type=\"checkbox","ul","under","usual","via","wash"],"15":["1","2","ad","beta","butter","can","carrot","chang","chees","chowdown","clarklab","combin","copi","creat","direct","document","eat","gener","heart","heat","icon","ingredi","li\").prepend('<input","logo","made","mash","microwav","parmesan","pepper","ready(funct","rss","salt","sketch","smash","smooshi","stinki","subscrib","tast","tbsp","through","type=\"checkbox","ul","via","worth","ye"]},"length":16},"tokenStore":{"root":{"1":{"0":{"docs":{"6":{"ref":6,"tf":0.007751937984496124}},"-":{"1":{"5":{"docs":{"13":{"ref":13,"tf":0.008064516129032258},"14":{"ref":14,"tf":0.012048192771084338}}},"docs":{}},"docs":{}}},"4":{"0":{"docs":{"9":{"ref":9,"tf":0.013333333333333334},"11":{"ref":11,"tf":0.012987012987012988}}},"docs":{}},"5":{"docs":{"4":{"ref":4,"tf":0.017857142857142856},"12":{"ref":12,"tf":0.0043859649122807015}}},"docs":{"3":{"ref":3,"tf":0.013513513513513514},"4":{"ref":4,"tf":0.017857142857142856},"6":{"ref":6,"tf":0.05426356589147287},"7":{"ref":7,"tf":0.0410958904109589},"8":{"ref":8,"tf":0.05128205128205128},"10":{"ref":10,"tf":0.0410958904109589},"12":{"ref":12,"tf":0.008771929824561403},"13":{"ref":13,"tf":0.008064516129032258},"14":{"ref":14,"tf":0.012048192771084338},"15":{"ref":15,"tf":0.03389830508474576}},"/":{"2":{"docs":{"4":{"ref":4,"tf":0.03571428571428571},"5":{"ref":5,"tf":0.01818181818181818},"6":{"ref":6,"tf":0.023255813953488372},"12":{"ref":12,"tf":0.017543859649122806}}},"3":{"docs":{"3":{"ref":3,"tf":0.013513513513513514},"12":{"ref":12,"tf":0.0043859649122807015}}},"4":{"docs":{"4":{"ref":4,"tf":0.017857142857142856},"5":{"ref":5,"tf":0.00909090909090909},"6":{"ref":6,"tf":0.007751937984496124},"12":{"ref":12,"tf":0.008771929824561403}}},"docs":{}},"l":{"docs":{},"b":{"docs":{"8":{"ref":8,"tf":0.01282051282051282}}}},"⁄":{"2":{"docs":{"10":{"ref":10,"tf":0.0136986301369863}}},"4":{"docs":{"10":{"ref":10,"tf":0.0136986301369863}}},"docs":{}}},"2":{"4":{"docs":{},"h":{"docs":{"11":{"ref":11,"tf":0.012987012987012988}}}},"docs":{"3":{"ref":3,"tf":0.013513513513513514},"5":{"ref":5,"tf":0.045454545454545456},"9":{"ref":9,"tf":0.013333333333333334},"12":{"ref":12,"tf":0.02631578947368421},"13":{"ref":13,"tf":0.008064516129032258},"14":{"ref":14,"tf":0.012048192771084338},"15":{"ref":15,"tf":0.01694915254237288}}},"3":{"docs":{"11":{"ref":11,"tf":0.012987012987012988}}},"4":{"docs":{"6":{"ref":6,"tf":0.007751937984496124}},"-":{"5":{"docs":{"6":{"ref":6,"tf":0.007751937984496124}}},"docs":{}}},"6":{"docs":{"3":{"ref":3,"tf":0.013513513513513514},"12":{"ref":12,"tf":0.0043859649122807015}},"-":{"8":{"docs":{"7":{"ref":7,"tf":0.0273972602739726}}},"docs":{}}},"docs":{},"c":{"docs":{},"h":{"docs":{},"o":{"docs":{},"w":{"docs":{},"d":{"docs":{},"o":{"docs":{},"w":{"docs":{},"n":{"docs":{"0":{"ref":0,"tf":0.16666666666666666},"1":{"ref":1,"tf":0.01904761904761905},"3":{"ref":3,"tf":0.013513513513513514},"4":{"ref":4,"tf":0.017857142857142856},"5":{"ref":5,"tf":0.00909090909090909},"6":{"ref":6,"tf":0.007751937984496124},"7":{"ref":7,"tf":0.0136986301369863},"8":{"ref":8,"tf":0.01282051282051282},"9":{"ref":9,"tf":0.013333333333333334},"10":{"ref":10,"tf":0.0136986301369863},"11":{"ref":11,"tf":0.012987012987012988},"12":{"ref":12,"tf":0.0043859649122807015},"13":{"ref":13,"tf":0.008064516129032258},"14":{"ref":14,"tf":0.012048192771084338},"15":{"ref":15,"tf":0.01694915254237288}}}}}}}},"e":{"docs":{},"e":{"docs":{},"s":{"docs":{"1":{"ref":1,"tf":0.009523809523809525},"6":{"ref":6,"tf":2.5387596899224807},"13":{"ref":13,"tf":0.008064516129032258},"15":{"ref":15,"tf":0.03389830508474576}},"e":{"docs":{},"c":{"docs":{},"a":{"docs":{},"k":{"docs":{"3":{"ref":3,"tf":0.013513513513513514},"4":{"ref":4,"tf":0.017857142857142856}}}}}}}},"f":{"docs":{"1":{"ref":1,"tf":0.004761904761904762}},"s":{"docs":{},"t":{"docs":{},"e":{"docs":{},"p":{"docs":{"9":{"ref":9,"tf":0.013333333333333334}}}}}}},"a":{"docs":{},"p":{"docs":{"11":{"ref":11,"tf":0.012987012987012988}}}}},"i":{"docs":{},"c":{"docs":{},"k":{"docs":{},"e":{"docs":{},"n":{"docs":{"1":{"ref":1,"tf":0.004761904761904762},"6":{"ref":6,"tf":0.015503875968992248},"7":{"ref":7,"tf":3.3881278538812785},"8":{"ref":8,"tf":0.02564102564102564}}}}}},"l":{"docs":{},"e":{"docs":{"1":{"ref":1,"tf":0.004761904761904762},"8":{"ref":8,"tf":3.3717948717948714}}}}},"a":{"docs":{},"r":{"docs":{},"t":{"docs":{"9":{"ref":9,"tf":0.013333333333333334}}}},"n":{"docs":{},"g":{"docs":{"15":{"ref":15,"tf":0.01694915254237288}}}}}},"a":{"docs":{},"m":{"docs":{},"e":{"docs":{"1":{"ref":1,"tf":0.004761904761904762}},"r":{"docs":{},"a":{"docs":{"3":{"ref":3,"tf":0.013513513513513514},"4":{"ref":4,"tf":0.017857142857142856},"5":{"ref":5,"tf":0.00909090909090909},"8":{"ref":8,"tf":0.01282051282051282},"10":{"ref":10,"tf":0.0136986301369863},"12":{"ref":12,"tf":0.013157894736842105}}}}},"p":{"docs":{},"s":{"docs":{},"i":{"docs":{},"t":{"docs":{"8":{"ref":8,"tf":0.01282051282051282}}}}}}},"r":{"docs":{},"d":{"docs":{"1":{"ref":1,"tf":0.004761904761904762}}},"r":{"docs":{},"o":{"docs":{},"t":{"docs":{"1":{"ref":1,"tf":0.004761904761904762},"2":{"ref":2,"tf":0.016129032258064516},"6":{"ref":6,"tf":0.015503875968992248},"15":{"ref":15,"tf":5.101694915254237}}}}}},"l":{"docs":{},"l":{"docs":{"11":{"ref":11,"tf":0.012987012987012988}}}},"n":{"docs":{"15":{"ref":15,"tf":0.01694915254237288}}}},"l":{"docs":{},"a":{"docs":{},"r":{"docs":{},"k":{"docs":{"1":{"ref":1,"tf":0.004761904761904762}},"@":{"docs":{},"c":{"docs":{},"l":{"docs":{},"a":{"docs":{},"r":{"docs":{},"k":{"docs":{},"l":{"docs":{},"a":{"docs":{},"b":{"docs":{"1":{"ref":1,"tf":0.004761904761904762}}}}}}}}}}},"l":{"docs":{},"a":{"docs":{},"b":{"docs":{"3":{"ref":3,"tf":0.013513513513513514},"4":{"ref":4,"tf":0.017857142857142856},"5":{"ref":5,"tf":0.00909090909090909},"6":{"ref":6,"tf":0.007751937984496124},"7":{"ref":7,"tf":0.0136986301369863},"8":{"ref":8,"tf":0.01282051282051282},"9":{"ref":9,"tf":0.013333333333333334},"10":{"ref":10,"tf":0.0136986301369863},"11":{"ref":11,"tf":0.012987012987012988},"12":{"ref":12,"tf":0.0043859649122807015},"13":{"ref":13,"tf":0.008064516129032258},"14":{"ref":14,"tf":0.012048192771084338},"15":{"ref":15,"tf":0.01694915254237288}}}}}}},"s":{"docs":{},"s":{"docs":{},"=":{"docs":{},"\"":{"docs":{},"m":{"docs":{},"t":{"3":{"docs":{"2":{"ref":2,"tf":0.016129032258064516}}},"docs":{}}}}}}}},"o":{"docs":{},"s":{"docs":{},"e":{"docs":{"1":{"ref":1,"tf":0.004761904761904762},"13":{"ref":13,"tf":0.008064516129032258}}}}}},"o":{"docs":{},"l":{"docs":{},"l":{"docs":{},"e":{"docs":{},"c":{"docs":{},"t":{"docs":{"1":{"ref":1,"tf":0.004761904761904762}}}}}},"d":{"docs":{"11":{"ref":11,"tf":0.012987012987012988}}}},"m":{"docs":{},"e":{"docs":{"1":{"ref":1,"tf":0.009523809523809525}}},"b":{"docs":{},"i":{"docs":{},"n":{"docs":{"3":{"ref":3,"tf":0.013513513513513514},"4":{"ref":4,"tf":0.017857142857142856},"5":{"ref":5,"tf":0.00909090909090909},"12":{"ref":12,"tf":0.013157894736842105},"15":{"ref":15,"tf":0.01694915254237288}}}}},"p":{"docs":{},"l":{"docs":{},"e":{"docs":{},"t":{"docs":{"2":{"ref":2,"tf":0.016129032258064516},"11":{"ref":11,"tf":0.012987012987012988}}}}},"o":{"docs":{},"n":{"docs":{"12":{"ref":12,"tf":0.0043859649122807015}},"e":{"docs":{},"n":{"docs":{},"t":{"docs":{},"-":{"docs":{},"b":{"docs":{},"a":{"docs":{},"s":{"docs":{"12":{"ref":12,"tf":0.0043859649122807015}}}}}}}}}}}}},"n":{"docs":{},"t":{"docs":{},"e":{"docs":{},"n":{"docs":{},"t":{"docs":{"1":{"ref":1,"tf":0.004761904761904762}}}}},"r":{"docs":{},"i":{"docs":{},"b":{"docs":{},"u":{"docs":{},"t":{"docs":{"1":{"ref":1,"tf":0.004761904761904762}}}}}}},"a":{"docs":{},"i":{"docs":{},"n":{"docs":{"2":{"ref":2,"tf":0.06451612903225806}}}}}},"s":{"docs":{},"t":{"docs":{},"a":{"docs":{},"n":{"docs":{},"t":{"docs":{},"l":{"docs":{},"i":{"docs":{"5":{"ref":5,"tf":0.00909090909090909},"12":{"ref":12,"tf":0.0043859649122807015}}}}}}}},"i":{"docs":{},"s":{"docs":{},"t":{"docs":{"8":{"ref":8,"tf":0.01282051282051282}}}},"d":{"docs":{"13":{"ref":13,"tf":0.008064516129032258}}}},"u":{"docs":{},"l":{"docs":{},"t":{"docs":{"9":{"ref":9,"tf":0.013333333333333334}}}}}}},"o":{"docs":{},"k":{"docs":{"1":{"ref":1,"tf":0.004761904761904762},"5":{"ref":5,"tf":0.02727272727272727},"6":{"ref":6,"tf":0.015503875968992248},"7":{"ref":7,"tf":0.0136986301369863},"8":{"ref":8,"tf":0.01282051282051282},"9":{"ref":9,"tf":0.013333333333333334},"12":{"ref":12,"tf":0.013157894736842105}},"e":{"docs":{},"r":{"docs":{"7":{"ref":7,"tf":0.0136986301369863}}}}},"l":{"docs":{"11":{"ref":11,"tf":0.012987012987012988},"12":{"ref":12,"tf":0.0043859649122807015}}}},"p":{"docs":{},"i":{"docs":{"3":{"ref":3,"tf":0.013513513513513514},"4":{"ref":4,"tf":0.017857142857142856},"5":{"ref":5,"tf":0.00909090909090909},"6":{"ref":6,"tf":0.007751937984496124},"7":{"ref":7,"tf":0.0136986301369863},"8":{"ref":8,"tf":0.01282051282051282},"9":{"ref":9,"tf":0.013333333333333334},"10":{"ref":10,"tf":0.0136986301369863},"11":{"ref":11,"tf":0.012987012987012988},"12":{"ref":12,"tf":0.0043859649122807015},"13":{"ref":13,"tf":0.008064516129032258},"14":{"ref":14,"tf":0.012048192771084338},"15":{"ref":15,"tf":0.01694915254237288}}}},"r":{"docs":{},"n":{"docs":{"8":{"ref":8,"tf":0.02564102564102564}}}},"f":{"docs":{},"f":{"docs":{},"e":{"docs":{"10":{"ref":10,"tf":0.0136986301369863}}}}}},"r":{"docs":{},"a":{"docs":{},"c":{"docs":{},"k":{"docs":{},"e":{"docs":{},"r":{"docs":{"1":{"ref":1,"tf":0.004761904761904762},"3":{"ref":3,"tf":3.414414414414414},"12":{"ref":12,"tf":0.021929824561403508}}}}}},"z":{"docs":{},"i":{"docs":{"1":{"ref":1,"tf":0.004761904761904762}}}},"n":{"docs":{},"b":{"docs":{},"e":{"docs":{},"r":{"docs":{},"r":{"docs":{},"i":{"docs":{"13":{"ref":13,"tf":0.008064516129032258}}}}}}}}},"e":{"docs":{},"a":{"docs":{},"t":{"docs":{"1":{"ref":1,"tf":0.004761904761904762},"3":{"ref":3,"tf":0.013513513513513514},"4":{"ref":4,"tf":0.017857142857142856},"5":{"ref":5,"tf":0.00909090909090909},"6":{"ref":6,"tf":0.007751937984496124},"7":{"ref":7,"tf":0.0136986301369863},"8":{"ref":8,"tf":0.01282051282051282},"9":{"ref":9,"tf":0.013333333333333334},"10":{"ref":10,"tf":0.0136986301369863},"11":{"ref":11,"tf":0.012987012987012988},"12":{"ref":12,"tf":0.0043859649122807015},"13":{"ref":13,"tf":0.008064516129032258},"14":{"ref":14,"tf":0.012048192771084338},"15":{"ref":15,"tf":0.01694915254237288}}},"m":{"docs":{"6":{"ref":6,"tf":0.015503875968992248}}}}},"o":{"docs":{},"c":{"docs":{},"k":{"docs":{},"p":{"docs":{},"o":{"docs":{},"t":{"docs":{"1":{"ref":1,"tf":0.004761904761904762},"7":{"ref":7,"tf":3.374429223744292}}}}}}},"u":{"docs":{},"t":{"docs":{},"o":{"docs":{},"n":{"docs":{"6":{"ref":6,"tf":0.007751937984496124},"8":{"ref":8,"tf":0.01282051282051282}}}}}}},"u":{"docs":{},"s":{"docs":{},"t":{"docs":{"1":{"ref":1,"tf":0.004761904761904762},"3":{"ref":3,"tf":3.387387387387387},"12":{"ref":12,"tf":0.021929824561403508}}}},"m":{"docs":{},"b":{"docs":{"3":{"ref":3,"tf":0.04054054054054054},"12":{"ref":12,"tf":0.013157894736842105}}}}}},"u":{"docs":{},"s":{"docs":{},"t":{"docs":{},"a":{"docs":{},"r":{"docs":{},"d":{"docs":{"1":{"ref":1,"tf":0.004761904761904762},"5":{"ref":5,"tf":3.3606060606060604},"12":{"ref":12,"tf":0.013157894736842105}}}}},"o":{"docs":{},"m":{"docs":{"10":{"ref":10,"tf":0.0136986301369863}}}}}},"p":{"docs":{"3":{"ref":3,"tf":0.02702702702702703},"4":{"ref":4,"tf":0.03571428571428571},"5":{"ref":5,"tf":0.02727272727272727},"6":{"ref":6,"tf":0.05426356589147287},"10":{"ref":10,"tf":0.0136986301369863},"12":{"ref":12,"tf":0.03070175438596491}}},"t":{"docs":{"11":{"ref":11,"tf":0.025974025974025976},"14":{"ref":14,"tf":0.012048192771084338}}}},"i":{"docs":{},"n":{"docs":{},"n":{"docs":{},"a":{"docs":{},"m":{"docs":{},"o":{"docs":{},"n":{"docs":{"3":{"ref":3,"tf":0.02702702702702703},"10":{"ref":10,"tf":0.0136986301369863},"12":{"ref":12,"tf":0.008771929824561403}}}}}}}},"r":{"docs":{},"c":{"docs":{},"u":{"docs":{},"l":{"docs":{"11":{"ref":11,"tf":0.012987012987012988}}}}}}},"e":{"docs":{},"l":{"docs":{},"e":{"docs":{},"r":{"docs":{},"i":{"docs":{"6":{"ref":6,"tf":0.015503875968992248}}}}}},"n":{"docs":{},"t":{"docs":{},"r":{"docs":{},"a":{"docs":{},"l":{"docs":{"13":{"ref":13,"tf":0.008064516129032258}}}}}}}}},"d":{"docs":{},"a":{"docs":{},"t":{"docs":{},"a":{"docs":{"1":{"ref":1,"tf":0.004761904761904762},"2":{"ref":2,"tf":0.016129032258064516}},"b":{"docs":{},"a":{"docs":{},"s":{"docs":{"0":{"ref":0,"tf":0.16666666666666666},"1":{"ref":1,"tf":0.004761904761904762}}}}}},"e":{"docs":{},"t":{"docs":{},"i":{"docs":{},"m":{"docs":{},"e":{"docs":{},"=":{"docs":{},"\"":{"docs":{},"{":{"docs":{},"{":{"docs":{},"p":{"docs":{},"u":{"docs":{},"b":{"docs":{},"d":{"docs":{"2":{"ref":2,"tf":0.021739130434782608}}}}}}}}}}}}}},"}":{"docs":{},"}":{"docs":{},"<":{"docs":{},"s":{"docs":{},"m":{"docs":{},"a":{"docs":{},"l":{"docs":{},"l":{"docs":{},">":{"docs":{},"<":{"docs":{},"t":{"docs":{},"i":{"docs":{},"m":{"docs":{"2":{"ref":2,"tf":0.021739130434782608}}}}}}}}}}}}}}}}},"i":{"docs":{"11":{"ref":11,"tf":0.012987012987012988}}},"n":{"docs":{},"g":{"docs":{"11":{"ref":11,"tf":0.012987012987012988},"13":{"ref":13,"tf":0.008064516129032258},"14":{"ref":14,"tf":0.012048192771084338}}}},"s":{"docs":{},"h":{"docs":{"14":{"ref":14,"tf":0.012048192771084338}}}}},"e":{"docs":{},"f":{"docs":{},"i":{"docs":{},"n":{"docs":{},"i":{"docs":{},"t":{"docs":{"1":{"ref":1,"tf":0.004761904761904762}}}}}}},"l":{"docs":{},"i":{"docs":{},"c":{"docs":{},"i":{"docs":{"1":{"ref":1,"tf":0.004761904761904762}}}}}},"s":{"docs":{},"s":{"docs":{},"e":{"docs":{},"r":{"docs":{},"t":{"docs":{"1":{"ref":1,"tf":0.004761904761904762},"4":{"ref":4,"tf":2.5357142857142856},"12":{"ref":12,"tf":0.008771929824561403}}}}}}},"v":{"docs":{},"e":{"docs":{},"l":{"docs":{},"o":{"docs":{},"p":{"docs":{"1":{"ref":1,"tf":0.009523809523809525}}}}}}},"p":{"docs":{},"e":{"docs":{},"n":{"docs":{},"d":{"docs":{"13":{"ref":13,"tf":0.008064516129032258}}}}}}},"i":{"docs":{},"r":{"docs":{},"e":{"docs":{},"c":{"docs":{},"t":{"docs":{"1":{"ref":1,"tf":0.004761904761904762},"2":{"ref":2,"tf":0.016129032258064516},"3":{"ref":3,"tf":0.013513513513513514},"4":{"ref":4,"tf":0.017857142857142856},"5":{"ref":5,"tf":0.00909090909090909},"6":{"ref":6,"tf":0.007751937984496124},"7":{"ref":7,"tf":0.0136986301369863},"8":{"ref":8,"tf":0.01282051282051282},"9":{"ref":9,"tf":0.013333333333333334},"10":{"ref":10,"tf":0.0136986301369863},"11":{"ref":11,"tf":0.012987012987012988},"12":{"ref":12,"tf":0.0043859649122807015},"13":{"ref":13,"tf":0.008064516129032258},"14":{"ref":14,"tf":0.012048192771084338},"15":{"ref":15,"tf":0.01694915254237288}}}}}},"c":{"docs":{},"e":{"docs":{"4":{"ref":4,"tf":0.017857142857142856},"6":{"ref":6,"tf":0.015503875968992248},"12":{"ref":12,"tf":0.0043859649122807015}}}},"a":{"docs":{},"l":{"docs":{"9":{"ref":9,"tf":0.013333333333333334}}}},"s":{"docs":{},"h":{"docs":{"12":{"ref":12,"tf":0.0043859649122807015},"13":{"ref":13,"tf":0.008064516129032258},"14":{"ref":14,"tf":0.012048192771084338}}}}},"o":{"docs":{"13":{"ref":13,"tf":0.008064516129032258}},"z":{"docs":{},"e":{"docs":{},"n":{"docs":{"1":{"ref":1,"tf":0.004761904761904762}}}}},"c":{"docs":{},"u":{"docs":{},"m":{"docs":{},"e":{"docs":{},"n":{"docs":{},"t":{"docs":{"3":{"ref":3,"tf":0.013513513513513514},"4":{"ref":4,"tf":0.017857142857142856},"5":{"ref":5,"tf":0.00909090909090909},"6":{"ref":6,"tf":0.007751937984496124},"7":{"ref":7,"tf":0.0136986301369863},"8":{"ref":8,"tf":0.01282051282051282},"9":{"ref":9,"tf":0.013333333333333334},"10":{"ref":10,"tf":0.0136986301369863},"11":{"ref":11,"tf":0.012987012987012988},"12":{"ref":12,"tf":0.0043859649122807015},"13":{"ref":13,"tf":0.008064516129032258},"14":{"ref":14,"tf":0.012048192771084338},"15":{"ref":15,"tf":0.01694915254237288}}}}}}}},"w":{"docs":{},"n":{"docs":{"6":{"ref":6,"tf":0.007751937984496124},"8":{"ref":8,"tf":0.01282051282051282}}}}},"r":{"docs":{},"o":{"docs":{},"p":{"docs":{"9":{"ref":9,"tf":0.013333333333333334}}}},"y":{"docs":{"9":{"ref":9,"tf":0.013333333333333334}}}}},"h":{"1":{"docs":{"2":{"ref":2,"tf":0.03225806451612903}}},"3":{"docs":{"2":{"ref":2,"tf":0.043478260869565216}}},"docs":{},"a":{"docs":{},"c":{"docs":{},"k":{"docs":{"1":{"ref":1,"tf":0.004761904761904762}},"e":{"docs":{},"r":{"docs":{"0":{"ref":0,"tf":0.16666666666666666},"1":{"ref":1,"tf":0.004761904761904762}}}},"a":{"docs":{},"t":{"docs":{},"h":{"docs":{},"o":{"docs":{},"n":{"docs":{"12":{"ref":12,"tf":0.0043859649122807015}}}}}}}}},"w":{"docs":{},"a":{"docs":{},"i":{"docs":{},"i":{"docs":{},"a":{"docs":{},"n":{"docs":{"7":{"ref":7,"tf":0.0136986301369863}}}}}}}},"n":{"docs":{},"d":{"docs":{},"i":{"docs":{"9":{"ref":9,"tf":0.013333333333333334}}}}},"r":{"docs":{},"d":{"docs":{"13":{"ref":13,"tf":0.008064516129032258}}}},"l":{"docs":{},"f":{"docs":{"14":{"ref":14,"tf":0.012048192771084338}}}}},"e":{"docs":{},"i":{"docs":{"1":{"ref":1,"tf":0.004761904761904762}}},"r":{"docs":{},"e":{"docs":{"1":{"ref":1,"tf":0.004761904761904762}},"'":{"docs":{"1":{"ref":1,"tf":0.009523809523809525}}}},"b":{"docs":{"9":{"ref":9,"tf":0.013333333333333334}}}},"a":{"docs":{},"r":{"docs":{},"t":{"docs":{"3":{"ref":3,"tf":0.013513513513513514},"4":{"ref":4,"tf":0.017857142857142856},"5":{"ref":5,"tf":0.00909090909090909},"6":{"ref":6,"tf":0.007751937984496124},"7":{"ref":7,"tf":0.0136986301369863},"8":{"ref":8,"tf":0.01282051282051282},"9":{"ref":9,"tf":0.013333333333333334},"10":{"ref":10,"tf":0.0136986301369863},"11":{"ref":11,"tf":0.012987012987012988},"12":{"ref":12,"tf":0.0043859649122807015},"13":{"ref":13,"tf":0.008064516129032258},"14":{"ref":14,"tf":0.012048192771084338},"15":{"ref":15,"tf":0.01694915254237288}}}},"t":{"docs":{"5":{"ref":5,"tf":0.03636363636363636},"12":{"ref":12,"tf":0.017543859649122806},"15":{"ref":15,"tf":0.01694915254237288}}},"v":{"docs":{},"i":{"docs":{"6":{"ref":6,"tf":0.007751937984496124}}}},"l":{"docs":{},"t":{"docs":{},"h":{"docs":{},"i":{"docs":{"13":{"ref":13,"tf":0.008064516129032258}}}}}}},"l":{"docs":{},"l":{"docs":{"7":{"ref":7,"tf":0.0136986301369863}}}},"b":{"docs":{"13":{"ref":13,"tf":0.008064516129032258},"14":{"ref":14,"tf":0.012048192771084338}}}},"o":{"docs":{},"m":{"docs":{},"e":{"docs":{"1":{"ref":1,"tf":0.004761904761904762}}}},"o":{"docs":{},"d":{"docs":{"1":{"ref":1,"tf":0.004761904761904762}}}},"n":{"docs":{},"e":{"docs":{},"i":{"docs":{"4":{"ref":4,"tf":0.017857142857142856},"10":{"ref":10,"tf":0.0136986301369863},"12":{"ref":12,"tf":0.0043859649122807015}}}}},"t":{"docs":{"5":{"ref":5,"tf":0.00909090909090909},"6":{"ref":6,"tf":0.015503875968992248},"7":{"ref":7,"tf":0.0136986301369863},"9":{"ref":9,"tf":0.013333333333333334},"11":{"ref":11,"tf":0.012987012987012988},"12":{"ref":12,"tf":0.0043859649122807015}}},"u":{"docs":{},"r":{"docs":{"7":{"ref":7,"tf":0.0136986301369863},"9":{"ref":9,"tf":0.013333333333333334}}}}},"r":{"docs":{},"e":{"docs":{},"f":{"docs":{},"=":{"docs":{},"\"":{"docs":{},"{":{"docs":{},"{":{"docs":{},"u":{"docs":{},"r":{"docs":{},"l":{"docs":{"2":{"ref":2,"tf":0.016129032258064516}},"}":{"docs":{},"}":{"docs":{},"\"":{"docs":{},">":{"docs":{},"{":{"docs":{},"{":{"docs":{},"t":{"docs":{},"i":{"docs":{},"t":{"docs":{},"l":{"docs":{},"e":{"docs":{},"}":{"docs":{},"}":{"docs":{},"<":{"docs":{},"/":{"docs":{},"a":{"docs":{"2":{"ref":2,"tf":0.021739130434782608}}}}},"{":{"docs":{},"{":{"docs":{},"i":{"docs":{},"m":{"docs":{},"a":{"docs":{},"g":{"docs":{},"e":{"docs":{},"}":{"docs":{},"}":{"docs":{},"<":{"docs":{},"/":{"docs":{},"a":{"docs":{"2":{"ref":2,"tf":0.021739130434782608}}}}}}}}}}}}}}}}}}}}}}}}}}}}}}}}}}}}},"i":{"docs":{},"g":{"docs":{},"h":{"docs":{"10":{"ref":10,"tf":0.0136986301369863}}}},"b":{"docs":{},"a":{"docs":{},"c":{"docs":{},"h":{"docs":{},"i":{"docs":{"14":{"ref":14,"tf":0.012048192771084338}}}}}}}},"u":{"docs":{},"g":{"docs":{},"e":{"docs":{"10":{"ref":10,"tf":0.0136986301369863},"12":{"ref":12,"tf":0.0043859649122807015}}}}}},"p":{"docs":{},"l":{"docs":{},"a":{"docs":{},"i":{"docs":{},"n":{"docs":{"0":{"ref":0,"tf":0.16666666666666666},"1":{"ref":1,"tf":0.023809523809523808}}}},"c":{"docs":{},"e":{"docs":{"1":{"ref":1,"tf":0.004761904761904762},"12":{"ref":12,"tf":0.0043859649122807015},"13":{"ref":13,"tf":0.008064516129032258}}}}},"e":{"docs":{},"a":{"docs":{},"s":{"docs":{"13":{"ref":13,"tf":0.008064516129032258}}}}}},"a":{"docs":{},"g":{"docs":{},"e":{"docs":{"1":{"ref":1,"tf":0.004761904761904762}}}},"p":{"docs":{},"r":{"docs":{},"i":{"docs":{},"k":{"docs":{},"a":{"docs":{"1":{"ref":1,"tf":0.004761904761904762}}}}}}},"n":{"docs":{"3":{"ref":3,"tf":0.013513513513513514},"5":{"ref":5,"tf":0.00909090909090909},"8":{"ref":8,"tf":0.01282051282051282},"9":{"ref":9,"tf":0.013333333333333334},"11":{"ref":11,"tf":0.012987012987012988},"12":{"ref":12,"tf":0.008771929824561403}}},"l":{"docs":{},"e":{"docs":{"6":{"ref":6,"tf":0.007751937984496124}}}},"c":{"docs":{},"k":{"docs":{"12":{"ref":12,"tf":0.0043859649122807015}},"e":{"docs":{},"t":{"docs":{"7":{"ref":7,"tf":0.0136986301369863}}}}}},"r":{"docs":{},"t":{"docs":{},"i":{"docs":{"7":{"ref":7,"tf":0.0136986301369863},"12":{"ref":12,"tf":0.0043859649122807015}}}},"m":{"docs":{},"e":{"docs":{},"s":{"docs":{},"a":{"docs":{},"n":{"docs":{"15":{"ref":15,"tf":0.03389830508474576}}}}}}}},"t":{"docs":{"9":{"ref":9,"tf":0.013333333333333334}}}},"h":{"docs":{},"o":{"docs":{},"t":{"docs":{},"o":{"docs":{"1":{"ref":1,"tf":0.004761904761904762}}}}}},"o":{"docs":{},"r":{"docs":{},"k":{"docs":{"1":{"ref":1,"tf":0.004761904761904762},"11":{"ref":11,"tf":5.064935064935065}}},"t":{"docs":{},"a":{"docs":{},"b":{"docs":{},"l":{"docs":{"1":{"ref":1,"tf":0.004761904761904762}}}}},"i":{"docs":{},"o":{"docs":{},"n":{"docs":{"11":{"ref":11,"tf":0.012987012987012988}}}}}}},"w":{"docs":{},"d":{"docs":{},"e":{"docs":{},"r":{"docs":{"10":{"ref":10,"tf":0.0136986301369863}}}}}},"u":{"docs":{},"r":{"docs":{"12":{"ref":12,"tf":0.0043859649122807015}}}},"d":{"docs":{"14":{"ref":14,"tf":0.012048192771084338}}}},"r":{"docs":{},"o":{"docs":{},"c":{"docs":{},"e":{"docs":{},"s":{"docs":{},"s":{"docs":{"1":{"ref":1,"tf":0.009523809523809525}},"o":{"docs":{},"r":{"docs":{"3":{"ref":3,"tf":0.013513513513513514},"12":{"ref":12,"tf":0.0043859649122807015}}}}}}}},"g":{"docs":{},"r":{"docs":{},"e":{"docs":{},"s":{"docs":{},"s":{"docs":{"1":{"ref":1,"tf":0.004761904761904762}}}}}}}},"e":{"docs":{},"s":{"docs":{},"s":{"docs":{"3":{"ref":3,"tf":0.013513513513513514},"12":{"ref":12,"tf":0.0043859649122807015}}}},"-":{"docs":{},"m":{"docs":{},"a":{"docs":{},"d":{"docs":{"8":{"ref":8,"tf":0.01282051282051282}}}}},"s":{"docs":{},"l":{"docs":{},"i":{"docs":{},"c":{"docs":{"13":{"ref":13,"tf":0.008064516129032258}}}}}}},"c":{"docs":{},"i":{"docs":{},"s":{"docs":{"9":{"ref":9,"tf":0.013333333333333334}}}}},"p":{"docs":{"14":{"ref":14,"tf":0.012048192771084338}}}}},"u":{"docs":{},"b":{"docs":{},"d":{"docs":{},"a":{"docs":{},"t":{"docs":{},"e":{"docs":{},">":{"docs":{},"{":{"docs":{},"{":{"docs":{},"d":{"docs":{},"i":{"docs":{},"s":{"docs":{},"p":{"docs":{},"l":{"docs":{},"a":{"docs":{},"y":{"docs":{},"d":{"docs":{},"a":{"docs":{},"t":{"docs":{},"e":{"docs":{},"}":{"docs":{},"}":{"docs":{},"<":{"docs":{},"/":{"docs":{},"t":{"docs":{},"i":{"docs":{},"m":{"docs":{},"e":{"docs":{},">":{"docs":{},"<":{"docs":{},"/":{"docs":{},"s":{"docs":{},"m":{"docs":{},"a":{"docs":{},"l":{"docs":{},"l":{"docs":{},">":{"docs":{},"{":{"docs":{},"{":{"docs":{},"/":{"docs":{},"d":{"docs":{"2":{"ref":2,"tf":0.021739130434782608}}}}}}}}}}}}}}}}}}}}}}}}}}}}}}}}}}}}}}}}}},"l":{"docs":{},"s":{"docs":{"3":{"ref":3,"tf":0.013513513513513514},"12":{"ref":12,"tf":0.0043859649122807015}}},"l":{"docs":{"9":{"ref":9,"tf":0.013333333333333334},"14":{"ref":14,"tf":0.012048192771084338}}}}},"e":{"docs":{},"r":{"docs":{"14":{"ref":14,"tf":0.012048192771084338}},"f":{"docs":{},"e":{"docs":{},"c":{"docs":{},"t":{"docs":{"3":{"ref":3,"tf":0.013513513513513514},"4":{"ref":4,"tf":0.017857142857142856},"7":{"ref":7,"tf":0.0136986301369863}}}}}}},"c":{"docs":{},"o":{"docs":{},"r":{"docs":{},"i":{"docs":{},"n":{"docs":{},"o":{"docs":{"13":{"ref":13,"tf":0.008064516129032258}}}}}}}},"p":{"docs":{},"p":{"docs":{},"e":{"docs":{},"r":{"docs":{"13":{"ref":13,"tf":0.016129032258064516},"14":{"ref":14,"tf":0.024096385542168676},"15":{"ref":15,"tf":0.03389830508474576}}}}}}},"i":{"docs":{},"c":{"docs":{},"k":{"docs":{},"l":{"docs":{"7":{"ref":7,"tf":0.0136986301369863}}}}},"e":{"docs":{},"c":{"docs":{"12":{"ref":12,"tf":0.0043859649122807015}}}}}},"r":{"docs":{},"e":{"docs":{},"c":{"docs":{},"i":{"docs":{},"p":{"docs":{"0":{"ref":0,"tf":0.16666666666666666},"1":{"ref":1,"tf":0.06666666666666667},"6":{"ref":6,"tf":0.007751937984496124},"7":{"ref":7,"tf":0.0136986301369863},"12":{"ref":12,"tf":0.0043859649122807015}},"e":{"docs":{},"'":{"docs":{"2":{"ref":2,"tf":0.016129032258064516}}}}}}},"a":{"docs":{},"d":{"docs":{"1":{"ref":1,"tf":0.004761904761904762}},"i":{"docs":{"1":{"ref":1,"tf":0.004761904761904762}}},"y":{"docs":{},"(":{"docs":{},"f":{"docs":{},"u":{"docs":{},"n":{"docs":{},"c":{"docs":{},"t":{"docs":{"3":{"ref":3,"tf":0.013513513513513514},"4":{"ref":4,"tf":0.017857142857142856},"5":{"ref":5,"tf":0.00909090909090909},"6":{"ref":6,"tf":0.007751937984496124},"7":{"ref":7,"tf":0.0136986301369863},"8":{"ref":8,"tf":0.01282051282051282},"9":{"ref":9,"tf":0.013333333333333334},"10":{"ref":10,"tf":0.0136986301369863},"11":{"ref":11,"tf":0.012987012987012988},"12":{"ref":12,"tf":0.0043859649122807015},"13":{"ref":13,"tf":0.008064516129032258},"14":{"ref":14,"tf":0.012048192771084338},"15":{"ref":15,"tf":0.01694915254237288}}}}}}}}}},"l":{"docs":{"6":{"ref":6,"tf":0.007751937984496124}},"l":{"docs":{},"i":{"docs":{"14":{"ref":14,"tf":0.012048192771084338}}}}}},"d":{"docs":{"1":{"ref":1,"tf":0.009523809523809525},"4":{"ref":4,"tf":2.5357142857142856},"7":{"ref":7,"tf":0.0136986301369863},"8":{"ref":8,"tf":0.01282051282051282},"12":{"ref":12,"tf":3.359649122807017}},"u":{"docs":{},"c":{"docs":{"5":{"ref":5,"tf":0.00909090909090909},"6":{"ref":6,"tf":0.007751937984496124},"12":{"ref":12,"tf":0.0043859649122807015}}}}},"s":{"docs":{},"u":{"docs":{},"l":{"docs":{},"t":{"docs":{"2":{"ref":2,"tf":0.04838709677419355}}}}},"t":{"docs":{"4":{"ref":4,"tf":0.017857142857142856},"12":{"ref":12,"tf":0.0043859649122807015}}}},"m":{"docs":{},"o":{"docs":{},"v":{"docs":{"5":{"ref":5,"tf":0.01818181818181818},"12":{"ref":12,"tf":0.008771929824561403},"13":{"ref":13,"tf":0.008064516129032258}}}}},"t":{"docs":{},"u":{"docs":{},"r":{"docs":{},"n":{"docs":{"5":{"ref":5,"tf":0.00909090909090909},"12":{"ref":12,"tf":0.0043859649122807015}}}}}},"h":{"docs":{},"e":{"docs":{},"a":{"docs":{},"t":{"docs":{"11":{"ref":11,"tf":0.012987012987012988}}}}}},"q":{"docs":{},"u":{"docs":{},"i":{"docs":{},"r":{"docs":{"14":{"ref":14,"tf":0.012048192771084338}}}}}}},"a":{"docs":{},"d":{"docs":{"1":{"ref":1,"tf":0.004761904761904762}}},"s":{"docs":{},"p":{"docs":{},"b":{"docs":{},"e":{"docs":{},"r":{"docs":{},"r":{"docs":{},"i":{"docs":{"4":{"ref":4,"tf":0.017857142857142856},"12":{"ref":12,"tf":0.0043859649122807015}}}}}}}}},"n":{"docs":{},"c":{"docs":{},"h":{"docs":{"7":{"ref":7,"tf":0.0136986301369863}}}}},"i":{"docs":{},"s":{"docs":{},"i":{"docs":{},"n":{"docs":{"13":{"ref":13,"tf":0.016129032258064516}}}}}}},"o":{"docs":{},"a":{"docs":{},"s":{"docs":{},"t":{"docs":{"1":{"ref":1,"tf":0.009523809523809525},"11":{"ref":11,"tf":0.012987012987012988},"13":{"ref":13,"tf":3.35752688172043},"14":{"ref":14,"tf":5.036144578313253}}}}},"l":{"docs":{},"l":{"docs":{"7":{"ref":7,"tf":0.0136986301369863}}}}},"s":{"docs":{},"s":{"docs":{"3":{"ref":3,"tf":0.013513513513513514},"4":{"ref":4,"tf":0.017857142857142856},"5":{"ref":5,"tf":0.00909090909090909},"6":{"ref":6,"tf":0.007751937984496124},"7":{"ref":7,"tf":0.0136986301369863},"8":{"ref":8,"tf":0.01282051282051282},"9":{"ref":9,"tf":0.013333333333333334},"10":{"ref":10,"tf":0.0136986301369863},"11":{"ref":11,"tf":0.012987012987012988},"12":{"ref":12,"tf":0.0043859649122807015},"13":{"ref":13,"tf":0.008064516129032258},"14":{"ref":14,"tf":0.012048192771084338},"15":{"ref":15,"tf":0.01694915254237288}}}}},"t":{"docs":{},"e":{"docs":{},"x":{"docs":{},"t":{"docs":{"0":{"ref":0,"tf":0.16666666666666666},"1":{"ref":1,"tf":0.023809523809523808}}}},"m":{"docs":{},"p":{"docs":{},"l":{"docs":{},"a":{"docs":{},"t":{"docs":{"2":{"ref":2,"tf":0.03225806451612903}}}}},"e":{"docs":{},"r":{"docs":{},"a":{"docs":{},"t":{"docs":{},"u":{"docs":{},"r":{"docs":{"9":{"ref":9,"tf":0.013333333333333334}}}}}}}},"t":{"docs":{"10":{"ref":10,"tf":0.0136986301369863}}}}},"a":{"docs":{},"s":{"docs":{},"p":{"docs":{},"o":{"docs":{},"o":{"docs":{},"n":{"docs":{"5":{"ref":5,"tf":0.01818181818181818},"6":{"ref":6,"tf":0.015503875968992248},"10":{"ref":10,"tf":0.0410958904109589},"12":{"ref":12,"tf":0.008771929824561403}}}}}}}},"r":{"docs":{},"m":{"docs":{"2":{"ref":2,"tf":0.016129032258064516},"9":{"ref":9,"tf":0.013333333333333334}}}},"c":{"docs":{},"h":{"docs":{},"n":{"docs":{},"i":{"docs":{},"q":{"docs":{},"u":{"docs":{"11":{"ref":11,"tf":0.012987012987012988}}}}}}}}},"a":{"docs":{},"g":{"docs":{"1":{"ref":1,"tf":0.004761904761904762}}},"k":{"docs":{},"e":{"docs":{"1":{"ref":1,"tf":0.004761904761904762},"7":{"ref":7,"tf":0.0136986301369863},"9":{"ref":9,"tf":0.013333333333333334}}}},"r":{"docs":{},"t":{"docs":{"1":{"ref":1,"tf":0.004761904761904762},"3":{"ref":3,"tf":0.013513513513513514},"4":{"ref":4,"tf":0.017857142857142856},"5":{"ref":5,"tf":0.00909090909090909},"12":{"ref":12,"tf":3.346491228070175}}}},"b":{"docs":{},"l":{"docs":{},"e":{"docs":{},"s":{"docs":{},"p":{"docs":{},"o":{"docs":{},"o":{"docs":{},"n":{"docs":{"6":{"ref":6,"tf":0.015503875968992248}}}}}}}}}},"s":{"docs":{},"t":{"docs":{"9":{"ref":9,"tf":0.013333333333333334},"10":{"ref":10,"tf":0.0136986301369863},"13":{"ref":13,"tf":0.008064516129032258},"14":{"ref":14,"tf":0.012048192771084338},"15":{"ref":15,"tf":0.01694915254237288}}}},"l":{"docs":{},"k":{"docs":{"12":{"ref":12,"tf":0.0043859649122807015}}}}},"h":{"docs":{},"i":{"docs":{},"n":{"docs":{"13":{"ref":13,"tf":0.016129032258064516}},"g":{"docs":{"1":{"ref":1,"tf":0.004761904761904762},"6":{"ref":6,"tf":0.007751937984496124}}},"l":{"docs":{},"i":{"docs":{"13":{"ref":13,"tf":0.008064516129032258}}}}},"c":{"docs":{},"k":{"docs":{},"e":{"docs":{},"n":{"docs":{"5":{"ref":5,"tf":0.00909090909090909},"12":{"ref":12,"tf":0.0043859649122807015}}}}}}},"a":{"docs":{},"t":{"docs":{},"’":{"docs":{"14":{"ref":14,"tf":0.012048192771084338}}}}},"r":{"docs":{},"o":{"docs":{},"u":{"docs":{},"g":{"docs":{},"h":{"docs":{"15":{"ref":15,"tf":0.01694915254237288}}}}}}}},"o":{"docs":{},"p":{"docs":{"1":{"ref":1,"tf":0.004761904761904762},"4":{"ref":4,"tf":2.5535714285714284},"12":{"ref":12,"tf":0.017543859649122806},"13":{"ref":13,"tf":0.008064516129032258}}},"s":{"docs":{},"s":{"docs":{"13":{"ref":13,"tf":0.016129032258064516},"14":{"ref":14,"tf":0.012048192771084338}}}},"u":{"docs":{},"c":{"docs":{},"h":{"docs":{"13":{"ref":13,"tf":0.008064516129032258}}}}}},"r":{"docs":{},"i":{"docs":{"1":{"ref":1,"tf":0.004761904761904762}}},"a":{"docs":{},"i":{"docs":{"10":{"ref":10,"tf":0.0136986301369863}}}},"y":{"docs":{"13":{"ref":13,"tf":0.008064516129032258}}}},"w":{"docs":{},"i":{"docs":{},"t":{"docs":{},"t":{"docs":{},"e":{"docs":{},"r":{"docs":{"1":{"ref":1,"tf":0.004761904761904762}}}}}}}},"b":{"docs":{"3":{"ref":3,"tf":0.013513513513513514},"12":{"ref":12,"tf":0.0043859649122807015}},"s":{"docs":{},"p":{"docs":{"13":{"ref":13,"tf":0.008064516129032258},"15":{"ref":15,"tf":0.03389830508474576}}}}},"s":{"docs":{},"p":{"docs":{"3":{"ref":3,"tf":0.013513513513513514},"12":{"ref":12,"tf":0.0043859649122807015}}}},"y":{"docs":{},"p":{"docs":{},"e":{"docs":{},"=":{"docs":{},"\"":{"docs":{},"c":{"docs":{},"h":{"docs":{},"e":{"docs":{},"c":{"docs":{},"k":{"docs":{},"b":{"docs":{},"o":{"docs":{},"x":{"docs":{"3":{"ref":3,"tf":0.013513513513513514},"4":{"ref":4,"tf":0.017857142857142856},"5":{"ref":5,"tf":0.00909090909090909},"6":{"ref":6,"tf":0.007751937984496124},"7":{"ref":7,"tf":0.0136986301369863},"8":{"ref":8,"tf":0.01282051282051282},"9":{"ref":9,"tf":0.013333333333333334},"10":{"ref":10,"tf":0.0136986301369863},"11":{"ref":11,"tf":0.012987012987012988},"12":{"ref":12,"tf":0.0043859649122807015},"13":{"ref":13,"tf":0.008064516129032258},"14":{"ref":14,"tf":0.012048192771084338},"15":{"ref":15,"tf":0.01694915254237288}}}}}}}}}}}}}}},"i":{"docs":{},"m":{"docs":{},"e":{"docs":{"7":{"ref":7,"tf":0.0136986301369863},"10":{"ref":10,"tf":0.0136986301369863}}}},"p":{"docs":{"14":{"ref":14,"tf":0.012048192771084338}}},"t":{"docs":{},"l":{"docs":{"2":{"ref":2,"tf":0.03225806451612903}}}}}},"a":{"docs":{},"c":{"docs":{},"t":{"docs":{},"i":{"docs":{},"v":{"docs":{"1":{"ref":1,"tf":0.004761904761904762}}}}}},"d":{"docs":{"15":{"ref":15,"tf":0.01694915254237288}},"d":{"docs":{"1":{"ref":1,"tf":0.004761904761904762},"6":{"ref":6,"tf":0.031007751937984496},"7":{"ref":7,"tf":0.0136986301369863},"8":{"ref":8,"tf":0.02564102564102564}}}},"p":{"docs":{},"p":{"docs":{"1":{"ref":1,"tf":0.023809523809523808}}}},"r":{"docs":{},"o":{"docs":{},"u":{"docs":{},"n":{"docs":{},"d":{"docs":{"1":{"ref":1,"tf":0.004761904761904762},"8":{"ref":8,"tf":0.01282051282051282}}}}}},"t":{"docs":{},"i":{"docs":{},"c":{"docs":{},"l":{"docs":{"2":{"ref":2,"tf":0.03225806451612903}}}}}}},"t":{"docs":{},"t":{"docs":{},"e":{"docs":{},"m":{"docs":{},"p":{"docs":{},"t":{"docs":{"1":{"ref":1,"tf":0.009523809523809525}}}}}}}},"u":{"docs":{},"s":{"docs":{},"t":{"docs":{},"i":{"docs":{},"n":{"docs":{"1":{"ref":1,"tf":0.004761904761904762}}}}}},"t":{"docs":{},"o":{"docs":{},"m":{"docs":{"1":{"ref":1,"tf":0.004761904761904762}}}}}},"b":{"docs":{},"o":{"docs":{},"v":{"docs":{"2":{"ref":2,"tf":0.03225806451612903},"7":{"ref":7,"tf":0.0136986301369863}}}}},"l":{"docs":{},"l":{"docs":{},"-":{"docs":{},"p":{"docs":{},"u":{"docs":{},"r":{"docs":{},"p":{"docs":{},"o":{"docs":{},"s":{"docs":{"5":{"ref":5,"tf":0.00909090909090909},"12":{"ref":12,"tf":0.0043859649122807015}}}}}}}}}},"o":{"docs":{},"n":{"docs":{"5":{"ref":5,"tf":0.00909090909090909}}}}},"m":{"docs":{},"o":{"docs":{},"u":{"docs":{},"n":{"docs":{},"t":{"docs":{"5":{"ref":5,"tf":0.00909090909090909},"12":{"ref":12,"tf":0.0043859649122807015}}}}}}},"n":{"docs":{},"y":{"docs":{},"t":{"docs":{},"h":{"docs":{"8":{"ref":8,"tf":0.01282051282051282}},"i":{"docs":{},"n":{"docs":{},"g":{"docs":{},"’":{"docs":{"8":{"ref":8,"tf":0.01282051282051282}}}}}}}}},"o":{"docs":{},"v":{"docs":{},"a":{"docs":{"11":{"ref":11,"tf":0.012987012987012988}}}}}},"s":{"docs":{},"s":{"docs":{},"e":{"docs":{},"m":{"docs":{},"b":{"docs":{},"l":{"docs":{"12":{"ref":12,"tf":0.0043859649122807015}}}}}},"o":{"docs":{},"r":{"docs":{},"t":{"docs":{"13":{"ref":13,"tf":0.008064516129032258}}}}}},"i":{"docs":{},"a":{"docs":{"14":{"ref":14,"tf":0.012048192771084338}}}}},"v":{"docs":{},"o":{"docs":{},"i":{"docs":{},"d":{"docs":{"14":{"ref":14,"tf":0.012048192771084338}}}}}}},"b":{"docs":{},"e":{"docs":{},"a":{"docs":{},"t":{"docs":{},"i":{"docs":{"1":{"ref":1,"tf":0.004761904761904762}}},"e":{"docs":{},"n":{"docs":{"5":{"ref":5,"tf":0.00909090909090909},"12":{"ref":12,"tf":0.0043859649122807015}}}}}},"e":{"docs":{},"r":{"docs":{"1":{"ref":1,"tf":0.009523809523809525},"6":{"ref":6,"tf":2.5310077519379846}}},"f":{"docs":{"2":{"ref":2,"tf":0.016129032258064516}}}},"h":{"docs":{},"i":{"docs":{},"n":{"docs":{},"d":{"docs":{},"-":{"docs":{},"t":{"docs":{},"h":{"docs":{},"e":{"docs":{},"-":{"docs":{},"s":{"docs":{},"c":{"docs":{},"e":{"docs":{},"n":{"docs":{"1":{"ref":1,"tf":0.004761904761904762}}}}}}}}}}}}}}},"r":{"docs":{},"r":{"docs":{},"i":{"docs":{"1":{"ref":1,"tf":0.009523809523809525},"4":{"ref":4,"tf":2.5714285714285716},"12":{"ref":12,"tf":3.364035087719298}}}}},"t":{"docs":{},"t":{"docs":{},"e":{"docs":{},"r":{"docs":{"1":{"ref":1,"tf":0.004761904761904762}}}}},"a":{"docs":{"3":{"ref":3,"tf":0.013513513513513514},"4":{"ref":4,"tf":0.017857142857142856},"5":{"ref":5,"tf":0.00909090909090909},"6":{"ref":6,"tf":0.007751937984496124},"7":{"ref":7,"tf":0.0136986301369863},"8":{"ref":8,"tf":0.01282051282051282},"9":{"ref":9,"tf":0.013333333333333334},"10":{"ref":10,"tf":0.0136986301369863},"11":{"ref":11,"tf":0.012987012987012988},"12":{"ref":12,"tf":0.0043859649122807015},"13":{"ref":13,"tf":0.008064516129032258},"14":{"ref":14,"tf":0.012048192771084338},"15":{"ref":15,"tf":0.01694915254237288}}}}},"i":{"docs":{},"t":{"docs":{"1":{"ref":1,"tf":0.004761904761904762}}},"a":{"docs":{"9":{"ref":9,"tf":0.013333333333333334}}}},"r":{"docs":{},"e":{"docs":{},"a":{"docs":{},"k":{"docs":{"1":{"ref":1,"tf":0.004761904761904762}}},"s":{"docs":{},"t":{"docs":{"7":{"ref":7,"tf":0.0136986301369863}}}}}},"o":{"docs":{},"c":{"docs":{},"c":{"docs":{},"o":{"docs":{},"l":{"docs":{},"i":{"docs":{"1":{"ref":1,"tf":0.009523809523809525},"6":{"ref":6,"tf":2.5155038759689923}}}}}}},"t":{"docs":{},"h":{"docs":{"6":{"ref":6,"tf":0.015503875968992248}}}},"i":{"docs":{},"l":{"docs":{"2":{"ref":2,"tf":0.01694915254237288}},"e":{"docs":{},"r":{"docs":{"13":{"ref":13,"tf":0.008064516129032258},"14":{"ref":14,"tf":0.012048192771084338}}}}}}},"u":{"docs":{},"s":{"docs":{},"s":{"docs":{},"e":{"docs":{},"l":{"docs":{"1":{"ref":1,"tf":0.004761904761904762},"13":{"ref":13,"tf":3.3817204301075265}}}}}}},"i":{"docs":{},"n":{"docs":{},"g":{"docs":{"5":{"ref":5,"tf":0.00909090909090909},"6":{"ref":6,"tf":0.007751937984496124},"12":{"ref":12,"tf":0.0043859649122807015}}}}}},"u":{"docs":{},"f":{"docs":{},"f":{"docs":{},"a":{"docs":{},"l":{"docs":{},"o":{"docs":{"1":{"ref":1,"tf":0.004761904761904762},"7":{"ref":7,"tf":3.3607305936073057}}}}}}},"r":{"docs":{},"n":{"docs":{},"o":{"docs":{},"u":{"docs":{},"t":{"docs":{"1":{"ref":1,"tf":0.004761904761904762}}}}}}},"t":{"docs":{},"t":{"docs":{},"e":{"docs":{},"r":{"docs":{"3":{"ref":3,"tf":0.02702702702702703},"6":{"ref":6,"tf":0.015503875968992248},"7":{"ref":7,"tf":0.0136986301369863},"9":{"ref":9,"tf":0.013333333333333334},"12":{"ref":12,"tf":0.008771929824561403},"15":{"ref":15,"tf":0.05084745762711865}}}}}},"b":{"docs":{},"b":{"docs":{},"l":{"docs":{"5":{"ref":5,"tf":0.00909090909090909},"12":{"ref":12,"tf":0.0043859649122807015}}}}},"i":{"docs":{"13":{"ref":13,"tf":0.008064516129032258}}},"n":{"docs":{},"c":{"docs":{},"h":{"docs":{"13":{"ref":13,"tf":0.008064516129032258},"14":{"ref":14,"tf":0.012048192771084338}}}}}},"o":{"docs":{},"w":{"docs":{},"l":{"docs":{"3":{"ref":3,"tf":0.02702702702702703},"5":{"ref":5,"tf":0.00909090909090909},"7":{"ref":7,"tf":0.0136986301369863},"12":{"ref":12,"tf":0.008771929824561403}}}},"i":{"docs":{},"l":{"docs":{"5":{"ref":5,"tf":0.00909090909090909},"6":{"ref":6,"tf":0.007751937984496124},"12":{"ref":12,"tf":0.0043859649122807015}}}},"c":{"docs":{},"k":{"docs":{"6":{"ref":6,"tf":0.007751937984496124}}}},"n":{"docs":{},"u":{"docs":{"7":{"ref":7,"tf":0.0136986301369863}}}},"t":{"docs":{},"t":{"docs":{},"l":{"docs":{"7":{"ref":7,"tf":0.0136986301369863}}}},"h":{"docs":{"9":{"ref":9,"tf":0.013333333333333334}}}}},"a":{"docs":{},"g":{"docs":{"9":{"ref":9,"tf":0.02666666666666667},"11":{"ref":11,"tf":0.025974025974025976}}},"t":{"docs":{},"h":{"docs":{"9":{"ref":9,"tf":0.02666666666666667},"11":{"ref":11,"tf":0.012987012987012988}}}},"k":{"docs":{},"e":{"docs":{"10":{"ref":10,"tf":0.0136986301369863},"12":{"ref":12,"tf":0.0043859649122807015},"13":{"ref":13,"tf":0.008064516129032258},"14":{"ref":14,"tf":0.012048192771084338}}}}},"b":{"docs":{},"q":{"docs":{"12":{"ref":12,"tf":0.0043859649122807015}}}},"l":{"docs":{},"a":{"docs":{},"c":{"docs":{},"k":{"docs":{},"e":{"docs":{},"n":{"docs":{"13":{"ref":13,"tf":0.008064516129032258},"14":{"ref":14,"tf":0.012048192771084338}}}}}}}}},"e":{"docs":{},"a":{"docs":{},"c":{"docs":{},"h":{"docs":{"1":{"ref":1,"tf":0.009523809523809525}}}},"s":{"docs":{"1":{"ref":1,"tf":0.004761904761904762}},"i":{"docs":{"7":{"ref":7,"tf":0.0136986301369863},"12":{"ref":12,"tf":0.0043859649122807015}}}},"t":{"docs":{"1":{"ref":1,"tf":0.004761904761904762},"15":{"ref":15,"tf":0.01694915254237288}}}},"v":{"docs":{},"e":{"docs":{},"r":{"docs":{},"y":{"docs":{},"t":{"docs":{},"h":{"docs":{},"i":{"docs":{},"n":{"docs":{},"g":{"docs":{},"'":{"docs":{"1":{"ref":1,"tf":0.004761904761904762}}}}}}}}}}}},"x":{"docs":{},"a":{"docs":{},"m":{"docs":{},"p":{"docs":{},"l":{"docs":{"1":{"ref":1,"tf":0.004761904761904762}}}}}},"c":{"docs":{},"i":{"docs":{},"t":{"docs":{"1":{"ref":1,"tf":0.004761904761904762}}}}},"t":{"docs":{},"r":{"docs":{},"a":{"docs":{},"c":{"docs":{},"t":{"docs":{"5":{"ref":5,"tf":0.00909090909090909},"12":{"ref":12,"tf":0.0043859649122807015}}}}}}}},"l":{"docs":{},"e":{"docs":{},"m":{"docs":{},"e":{"docs":{},"n":{"docs":{},"t":{"docs":{"2":{"ref":2,"tf":0.03225806451612903}}}}}}}},"n":{"docs":{},"t":{"docs":{},"r":{"docs":{},"i":{"docs":{"2":{"ref":2,"tf":0.08064516129032258}}}},"e":{"docs":{},"r":{"docs":{"2":{"ref":2,"tf":0.016129032258064516}}}}},"o":{"docs":{},"u":{"docs":{},"g":{"docs":{},"h":{"docs":{"14":{"ref":14,"tf":0.012048192771084338}}}}}}},"g":{"docs":{},"g":{"docs":{"5":{"ref":5,"tf":0.01818181818181818},"10":{"ref":10,"tf":0.0136986301369863},"12":{"ref":12,"tf":0.008771929824561403}}}},"d":{"docs":{},"g":{"docs":{"13":{"ref":13,"tf":0.008064516129032258}}}},"m":{"docs":{},"u":{"docs":{},"l":{"docs":{"13":{"ref":13,"tf":0.008064516129032258}}}}},"t":{"docs":{},"c":{"docs":{"13":{"ref":13,"tf":0.008064516129032258},"14":{"ref":14,"tf":0.012048192771084338}}}},"y":{"docs":{"13":{"ref":13,"tf":0.008064516129032258},"14":{"ref":14,"tf":0.012048192771084338}}}},"f":{"docs":{},"a":{"docs":{},"m":{"docs":{},"i":{"docs":{},"l":{"docs":{},"i":{"docs":{"1":{"ref":1,"tf":0.004761904761904762}}}}}},"v":{"docs":{},"o":{"docs":{},"r":{"docs":{},"i":{"docs":{},"t":{"docs":{"1":{"ref":1,"tf":0.009523809523809525},"7":{"ref":7,"tf":0.0136986301369863},"12":{"ref":12,"tf":0.0043859649122807015}}}}}}},"i":{"docs":{},"r":{"docs":{"8":{"ref":8,"tf":0.01282051282051282}},"l":{"docs":{},"i":{"docs":{"12":{"ref":12,"tf":0.0043859649122807015}}}}}},"c":{"docs":{},"t":{"docs":{},"o":{"docs":{},"r":{"docs":{"12":{"ref":12,"tf":0.0043859649122807015}}}}}},"n":{"docs":{},"c":{"docs":{},"i":{"docs":{"12":{"ref":12,"tf":0.0043859649122807015}}}}}},"e":{"docs":{},"a":{"docs":{},"t":{"docs":{},"u":{"docs":{},"r":{"docs":{"1":{"ref":1,"tf":0.004761904761904762}}}}}},"e":{"docs":{},"l":{"docs":{"6":{"ref":6,"tf":0.007751937984496124},"8":{"ref":8,"tf":0.01282051282051282},"13":{"ref":13,"tf":0.008064516129032258}}}}},"i":{"docs":{},"l":{"docs":{},"l":{"docs":{"1":{"ref":1,"tf":0.004761904761904762},"5":{"ref":5,"tf":3.369696969696969},"12":{"ref":12,"tf":0.013157894736842105}}},"e":{"docs":{"2":{"ref":2,"tf":0.016129032258064516}}}},"x":{"docs":{"1":{"ref":1,"tf":0.004761904761904762}}}},"o":{"docs":{},"l":{"docs":{},"k":{"docs":{"1":{"ref":1,"tf":0.004761904761904762},"12":{"ref":12,"tf":0.0043859649122807015}}}},"r":{"docs":{},"m":{"docs":{"3":{"ref":3,"tf":0.013513513513513514},"12":{"ref":12,"tf":0.0043859649122807015}},"a":{"docs":{},"t":{"docs":{"1":{"ref":1,"tf":0.009523809523809525}}}}}},"o":{"docs":{},"d":{"docs":{"3":{"ref":3,"tf":0.013513513513513514},"12":{"ref":12,"tf":0.0043859649122807015}}}},"u":{"docs":{},"n":{"docs":{},"d":{"docs":{"14":{"ref":14,"tf":0.012048192771084338}}}}}},"r":{"docs":{},"i":{"docs":{"13":{"ref":13,"tf":0.008064516129032258}},"e":{"docs":{},"n":{"docs":{},"d":{"docs":{"1":{"ref":1,"tf":0.004761904761904762}}}}},"d":{"docs":{},"g":{"docs":{"11":{"ref":11,"tf":0.012987012987012988}}}}},"e":{"docs":{},"e":{"docs":{"6":{"ref":6,"tf":0.007751937984496124},"8":{"ref":8,"tf":0.01282051282051282}},"z":{"docs":{},"e":{"docs":{},"r":{"docs":{"11":{"ref":11,"tf":0.012987012987012988}}}}}}},"a":{"docs":{},"n":{"docs":{},"k":{"docs":{},"’":{"docs":{"7":{"ref":7,"tf":0.0136986301369863}}}}}}},"u":{"docs":{},"n":{"docs":{},"c":{"docs":{},"t":{"docs":{},"i":{"docs":{},"o":{"docs":{},"n":{"docs":{"2":{"ref":2,"tf":0.016129032258064516}}}}}}}},"l":{"docs":{},"l":{"docs":{},"-":{"docs":{},"t":{"docs":{},"e":{"docs":{},"x":{"docs":{},"t":{"docs":{"2":{"ref":2,"tf":0.016129032258064516}}}}}}}}}},"l":{"docs":{},"o":{"docs":{},"u":{"docs":{},"r":{"docs":{"5":{"ref":5,"tf":0.01818181818181818},"6":{"ref":6,"tf":0.015503875968992248},"12":{"ref":12,"tf":0.008771929824561403}}}}},"a":{"docs":{},"v":{"docs":{},"o":{"docs":{},"r":{"docs":{"9":{"ref":9,"tf":0.013333333333333334}}}}},"x":{"docs":{"10":{"ref":10,"tf":0.0273972602739726}}}}}},"g":{"docs":{},"i":{"docs":{},"t":{"docs":{},"h":{"docs":{},"u":{"docs":{},"b":{"docs":{"1":{"ref":1,"tf":0.014285714285714285}}}}}}},"o":{"docs":{"1":{"ref":1,"tf":0.004761904761904762},"6":{"ref":6,"tf":0.007751937984496124},"9":{"ref":9,"tf":0.013333333333333334},"12":{"ref":12,"tf":0.0043859649122807015}},"u":{"docs":{},"r":{"docs":{},"m":{"docs":{},"a":{"docs":{},"n":{"docs":{},"d":{"docs":{},"'":{"docs":{"1":{"ref":1,"tf":0.004761904761904762}}},"’":{"docs":{"6":{"ref":6,"tf":0.015503875968992248}}}}}}}}},"o":{"docs":{},"d":{"docs":{"11":{"ref":11,"tf":0.012987012987012988},"13":{"ref":13,"tf":0.008064516129032258},"14":{"ref":14,"tf":0.012048192771084338}},"i":{"docs":{"10":{"ref":10,"tf":0.0136986301369863}}}}},"n":{"docs":{},"n":{"docs":{},"a":{"docs":{"11":{"ref":11,"tf":0.012987012987012988}}}}},"l":{"docs":{},"d":{"docs":{"13":{"ref":13,"tf":0.008064516129032258}},"e":{"docs":{},"n":{"docs":{"13":{"ref":13,"tf":0.008064516129032258}}}}}}},"r":{"docs":{},"a":{"docs":{},"h":{"docs":{},"a":{"docs":{},"m":{"docs":{"1":{"ref":1,"tf":0.004761904761904762},"3":{"ref":3,"tf":3.414414414414414},"12":{"ref":12,"tf":0.021929824561403508}}}}},"d":{"docs":{},"u":{"docs":{},"a":{"docs":{},"t":{"docs":{"11":{"ref":11,"tf":0.012987012987012988}}}}}},"t":{"docs":{},"e":{"docs":{"13":{"ref":13,"tf":0.008064516129032258}}}}},"e":{"docs":{},"e":{"docs":{},"n":{"docs":{"1":{"ref":1,"tf":0.004761904761904762},"8":{"ref":8,"tf":3.384615384615384}}}},"a":{"docs":{},"t":{"docs":{"14":{"ref":14,"tf":0.012048192771084338}}}}},"o":{"docs":{},"u":{"docs":{},"n":{"docs":{},"d":{"docs":{"8":{"ref":8,"tf":0.01282051282051282}}}}}}},"e":{"docs":{},"n":{"docs":{},"t":{"docs":{},"l":{"docs":{"5":{"ref":5,"tf":0.00909090909090909},"12":{"ref":12,"tf":0.0043859649122807015}},"i":{"docs":{"5":{"ref":5,"tf":0.00909090909090909},"12":{"ref":12,"tf":0.0043859649122807015}}}}},"e":{"docs":{},"r":{"docs":{"15":{"ref":15,"tf":0.01694915254237288}}}}}},"a":{"docs":{},"r":{"docs":{},"l":{"docs":{},"i":{"docs":{},"c":{"docs":{"6":{"ref":6,"tf":0.015503875968992248}}}}}},"m":{"docs":{},"e":{"docs":{"7":{"ref":7,"tf":0.0136986301369863},"8":{"ref":8,"tf":0.01282051282051282}}}}},"u":{"docs":{},"e":{"docs":{},"s":{"docs":{},"t":{"docs":{"7":{"ref":7,"tf":0.0136986301369863}}}}},"i":{"docs":{},"d":{"docs":{"13":{"ref":13,"tf":0.008064516129032258}}}}}},"i":{"docs":{},"'":{"docs":{},"m":{"docs":{"1":{"ref":1,"tf":0.004761904761904762}}},"v":{"docs":{"1":{"ref":1,"tf":0.009523809523809525}}}},"c":{"docs":{"11":{"ref":11,"tf":0.012987012987012988}},"o":{"docs":{},"n":{"docs":{"1":{"ref":1,"tf":0.004761904761904762},"2":{"ref":2,"tf":0.016129032258064516},"3":{"ref":3,"tf":0.02702702702702703},"4":{"ref":4,"tf":0.03571428571428571},"5":{"ref":5,"tf":0.01818181818181818},"6":{"ref":6,"tf":0.007751937984496124},"7":{"ref":7,"tf":0.0136986301369863},"8":{"ref":8,"tf":0.02564102564102564},"9":{"ref":9,"tf":0.013333333333333334},"10":{"ref":10,"tf":0.0273972602739726},"11":{"ref":11,"tf":0.012987012987012988},"12":{"ref":12,"tf":0.017543859649122806},"13":{"ref":13,"tf":0.008064516129032258},"14":{"ref":14,"tf":0.012048192771084338},"15":{"ref":15,"tf":0.01694915254237288}}}}},"n":{"docs":{},"g":{"docs":{},"r":{"docs":{},"e":{"docs":{},"d":{"docs":{},"i":{"docs":{"1":{"ref":1,"tf":0.004761904761904762},"2":{"ref":2,"tf":0.016129032258064516},"3":{"ref":3,"tf":0.013513513513513514},"4":{"ref":4,"tf":0.03571428571428571},"5":{"ref":5,"tf":0.00909090909090909},"6":{"ref":6,"tf":0.007751937984496124},"7":{"ref":7,"tf":0.0136986301369863},"8":{"ref":8,"tf":0.02564102564102564},"9":{"ref":9,"tf":0.013333333333333334},"10":{"ref":10,"tf":0.0273972602739726},"11":{"ref":11,"tf":0.012987012987012988},"12":{"ref":12,"tf":0.017543859649122806},"13":{"ref":13,"tf":0.016129032258064516},"14":{"ref":14,"tf":0.012048192771084338},"15":{"ref":15,"tf":0.01694915254237288}}}}}}},"s":{"docs":{},"p":{"docs":{},"i":{"docs":{},"r":{"docs":{"1":{"ref":1,"tf":0.004761904761904762},"6":{"ref":6,"tf":0.007751937984496124}}}}}},"d":{"docs":{},"e":{"docs":{},"x":{"docs":{"2":{"ref":2,"tf":0.016129032258064516}},"u":{"docs":{},"r":{"docs":{},"l":{"docs":{"2":{"ref":2,"tf":0.016129032258064516}}}}}}},"i":{"docs":{},"v":{"docs":{},"i":{"docs":{},"d":{"docs":{},"u":{"docs":{"11":{"ref":11,"tf":0.012987012987012988}}}}}}}}},"t":{"docs":{},"'":{"docs":{"1":{"ref":1,"tf":0.009523809523809525}}},"s":{"docs":{},"e":{"docs":{},"l":{"docs":{},"f":{"docs":{"5":{"ref":5,"tf":0.00909090909090909}}}}}},"’":{"docs":{"13":{"ref":13,"tf":0.008064516129032258}}}},"m":{"docs":{},"m":{"docs":{},"e":{"docs":{},"r":{"docs":{},"i":{"docs":{},"s":{"docs":{},"o":{"docs":{},"n":{"docs":{"11":{"ref":11,"tf":0.012987012987012988}}}}}}}}}},"’":{"docs":{},"m":{"docs":{"11":{"ref":11,"tf":0.012987012987012988}}}}},"j":{"docs":{},"e":{"docs":{},"k":{"docs":{},"y":{"docs":{},"l":{"docs":{"1":{"ref":1,"tf":0.009523809523809525}},"l":{"docs":{},"'":{"docs":{"1":{"ref":1,"tf":0.004761904761904762}}}}}}}},"s":{"docs":{},"/":{"docs":{},"i":{"docs":{},"n":{"docs":{},"d":{"docs":{},"e":{"docs":{},"x":{"docs":{},".":{"docs":{},"j":{"docs":{},"s":{"docs":{},"o":{"docs":{},"n":{"docs":{"2":{"ref":2,"tf":0.016129032258064516}}}}}}}}}}}}},"o":{"docs":{},"n":{"docs":{"2":{"ref":2,"tf":0.016129032258064516}}}}},"a":{"docs":{},"r":{"docs":{"8":{"ref":8,"tf":0.01282051282051282}}}}},"l":{"docs":{},"a":{"docs":{},"y":{"docs":{},"o":{"docs":{},"u":{"docs":{},"t":{"docs":{"1":{"ref":1,"tf":0.004761904761904762}}}}}},"z":{"docs":{},"i":{"docs":{"9":{"ref":9,"tf":0.013333333333333334}}}},"t":{"docs":{},"e":{"docs":{"13":{"ref":13,"tf":0.008064516129032258}}}}},"e":{"docs":{},"a":{"docs":{},"r":{"docs":{},"n":{"docs":{"1":{"ref":1,"tf":0.004761904761904762}}}}},"t":{"docs":{},"'":{"docs":{"1":{"ref":1,"tf":0.004761904761904762}}}},"n":{"docs":{},"g":{"docs":{},"t":{"docs":{},"h":{"docs":{},"w":{"docs":{},"i":{"docs":{},"s":{"docs":{"14":{"ref":14,"tf":0.012048192771084338}}}}}}}}}},"i":{"docs":{},"s":{"docs":{},"t":{"docs":{"1":{"ref":1,"tf":0.009523809523809525},"8":{"ref":8,"tf":0.01282051282051282}}}},"\"":{"docs":{},")":{"docs":{},".":{"docs":{},"p":{"docs":{},"r":{"docs":{},"e":{"docs":{},"p":{"docs":{},"e":{"docs":{},"n":{"docs":{},"d":{"docs":{},"(":{"docs":{},"'":{"docs":{},"<":{"docs":{},"i":{"docs":{},"n":{"docs":{},"p":{"docs":{},"u":{"docs":{},"t":{"docs":{"3":{"ref":3,"tf":0.013513513513513514},"4":{"ref":4,"tf":0.017857142857142856},"5":{"ref":5,"tf":0.00909090909090909},"6":{"ref":6,"tf":0.007751937984496124},"7":{"ref":7,"tf":0.0136986301369863},"8":{"ref":8,"tf":0.01282051282051282},"9":{"ref":9,"tf":0.013333333333333334},"10":{"ref":10,"tf":0.0136986301369863},"11":{"ref":11,"tf":0.012987012987012988},"12":{"ref":12,"tf":0.0043859649122807015},"13":{"ref":13,"tf":0.008064516129032258},"14":{"ref":14,"tf":0.012048192771084338},"15":{"ref":15,"tf":0.01694915254237288}}}}}}}}}}}}}}}}}}}},"g":{"docs":{},"h":{"docs":{},"t":{"docs":{},"l":{"docs":{},"i":{"docs":{"5":{"ref":5,"tf":0.00909090909090909},"12":{"ref":12,"tf":0.0043859649122807015}}}}}}}},"o":{"docs":{},"c":{"docs":{},"k":{"docs":{},"-":{"docs":{},"i":{"docs":{},"n":{"docs":{"1":{"ref":1,"tf":0.004761904761904762}}}}}}},"g":{"docs":{},"o":{"docs":{"3":{"ref":3,"tf":0.013513513513513514},"4":{"ref":4,"tf":0.017857142857142856},"5":{"ref":5,"tf":0.00909090909090909},"6":{"ref":6,"tf":0.007751937984496124},"7":{"ref":7,"tf":0.0136986301369863},"8":{"ref":8,"tf":0.01282051282051282},"9":{"ref":9,"tf":0.013333333333333334},"10":{"ref":10,"tf":0.0136986301369863},"11":{"ref":11,"tf":0.012987012987012988},"12":{"ref":12,"tf":0.0043859649122807015},"13":{"ref":13,"tf":0.008064516129032258},"14":{"ref":14,"tf":0.012048192771084338},"15":{"ref":15,"tf":0.01694915254237288}}}},"n":{"docs":{},"g":{"docs":{"7":{"ref":7,"tf":0.0136986301369863}},"e":{"docs":{},"r":{"docs":{"5":{"ref":5,"tf":0.01818181818181818},"11":{"ref":11,"tf":0.012987012987012988},"12":{"ref":12,"tf":0.008771929824561403}}}}}},"v":{"docs":{},"e":{"docs":{"7":{"ref":7,"tf":0.0136986301369863},"14":{"ref":14,"tf":0.012048192771084338}}}},"w":{"docs":{"7":{"ref":7,"tf":0.0136986301369863}}},"o":{"docs":{},"s":{"docs":{"13":{"ref":13,"tf":0.008064516129032258}}}},"t":{"docs":{"13":{"ref":13,"tf":0.008064516129032258}}}}},"m":{"docs":{},"a":{"docs":{},"g":{"docs":{},"i":{"docs":{},"c":{"docs":{"1":{"ref":1,"tf":0.004761904761904762}}}}},"r":{"docs":{},"k":{"docs":{},"d":{"docs":{},"o":{"docs":{},"w":{"docs":{},"n":{"docs":{"1":{"ref":1,"tf":0.004761904761904762}}}}}},"e":{"docs":{},"t":{"docs":{"13":{"ref":13,"tf":0.008064516129032258}}}}}},"d":{"docs":{},"e":{"docs":{"3":{"ref":3,"tf":0.013513513513513514},"4":{"ref":4,"tf":0.017857142857142856},"5":{"ref":5,"tf":0.00909090909090909},"6":{"ref":6,"tf":0.007751937984496124},"7":{"ref":7,"tf":0.0136986301369863},"8":{"ref":8,"tf":0.01282051282051282},"9":{"ref":9,"tf":0.013333333333333334},"10":{"ref":10,"tf":0.0136986301369863},"11":{"ref":11,"tf":0.012987012987012988},"12":{"ref":12,"tf":0.0043859649122807015},"13":{"ref":13,"tf":0.008064516129032258},"14":{"ref":14,"tf":0.012048192771084338},"15":{"ref":15,"tf":0.01694915254237288}}}},"s":{"docs":{},"h":{"docs":{"4":{"ref":4,"tf":0.017857142857142856},"15":{"ref":15,"tf":0.01694915254237288}}}},"k":{"docs":{},"e":{"docs":{"10":{"ref":10,"tf":0.0136986301369863},"12":{"ref":12,"tf":0.017543859649122806},"13":{"ref":13,"tf":0.008064516129032258},"14":{"ref":14,"tf":0.012048192771084338}}}}},"i":{"docs":{},"c":{"docs":{},"r":{"docs":{},"o":{"docs":{},"d":{"docs":{},"a":{"docs":{},"t":{"docs":{},"a":{"docs":{"1":{"ref":1,"tf":0.004761904761904762}}}}}},"w":{"docs":{},"a":{"docs":{},"v":{"docs":{"15":{"ref":15,"tf":0.01694915254237288}}}}}}},"o":{"docs":{},"r":{"docs":{},"o":{"docs":{},"w":{"docs":{},"a":{"docs":{},"v":{"docs":{"10":{"ref":10,"tf":0.0136986301369863}}}}}}}}},"n":{"docs":{"4":{"ref":4,"tf":0.017857142857142856},"6":{"ref":6,"tf":0.007751937984496124},"12":{"ref":12,"tf":0.0043859649122807015},"13":{"ref":13,"tf":0.008064516129032258},"14":{"ref":14,"tf":0.012048192771084338}},"u":{"docs":{},"t":{"docs":{"1":{"ref":1,"tf":0.004761904761904762},"5":{"ref":5,"tf":0.01818181818181818},"10":{"ref":10,"tf":3.374429223744292},"12":{"ref":12,"tf":0.008771929824561403}}}}},"l":{"docs":{},"k":{"docs":{"5":{"ref":5,"tf":0.01818181818181818},"12":{"ref":12,"tf":0.008771929824561403}}}},"x":{"docs":{"7":{"ref":7,"tf":0.0136986301369863},"8":{"ref":8,"tf":0.038461538461538464},"10":{"ref":10,"tf":0.0273972602739726}}}},"o":{"docs":{},"r":{"docs":{},"e":{"docs":{"1":{"ref":1,"tf":0.004761904761904762}}},"n":{"docs":{"10":{"ref":10,"tf":0.0136986301369863}}}},"v":{"docs":{},"e":{"docs":{"1":{"ref":1,"tf":0.004761904761904762}}}}},"u":{"docs":{},"f":{"docs":{},"f":{"docs":{},"i":{"docs":{},"n":{"docs":{"1":{"ref":1,"tf":0.004761904761904762},"10":{"ref":10,"tf":3.3881278538812785}}}}}},"s":{"docs":{},"t":{"docs":{},"a":{"docs":{},"c":{"docs":{},"h":{"docs":{},"e":{"docs":{},".":{"docs":{},"j":{"docs":{"2":{"ref":2,"tf":0.016129032258064516}}}}}}}}}},"d":{"docs":{},"d":{"docs":{},"l":{"docs":{},"e":{"docs":{},"r":{"docs":{"3":{"ref":3,"tf":0.013513513513513514},"12":{"ref":12,"tf":0.0043859649122807015}}}}}}},"e":{"docs":{},"n":{"docs":{},"s":{"docs":{},"t":{"docs":{},"e":{"docs":{},"r":{"docs":{"6":{"ref":6,"tf":0.007751937984496124}}}}}}}},"g":{"docs":{"10":{"ref":10,"tf":0.0136986301369863}}}},"e":{"docs":{},"l":{"docs":{},"t":{"docs":{"3":{"ref":3,"tf":0.02702702702702703},"12":{"ref":12,"tf":0.008771929824561403}}}},"d":{"docs":{},"i":{"docs":{},"u":{"docs":{},"m":{"docs":{},"-":{"docs":{},"h":{"docs":{},"i":{"docs":{},"g":{"docs":{},"h":{"docs":{"5":{"ref":5,"tf":0.00909090909090909},"12":{"ref":12,"tf":0.0043859649122807015}}}}}}}}}}},"a":{"docs":{},"l":{"docs":{"10":{"ref":10,"tf":0.0136986301369863}}},"t":{"docs":{"11":{"ref":11,"tf":0.025974025974025976}}}}},"b":{"0":{"docs":{"2":{"ref":2,"tf":0.016129032258064516}}},"docs":{}}},"n":{"docs":{},"a":{"docs":{},"m":{"docs":{},"e":{"docs":{},"'":{"docs":{"1":{"ref":1,"tf":0.004761904761904762}}}}},"p":{"docs":{"9":{"ref":9,"tf":0.013333333333333334}}}},"e":{"docs":{},"w":{"docs":{"1":{"ref":1,"tf":0.01904761904761905},"9":{"ref":9,"tf":3.36}}}},"i":{"docs":{},"g":{"docs":{},"h":{"docs":{},"t":{"docs":{"7":{"ref":7,"tf":0.0136986301369863}}}}}},"y":{"docs":{"9":{"ref":9,"tf":0.013333333333333334}}},"o":{"docs":{},"n":{"docs":{},"e":{"docs":{"13":{"ref":13,"tf":0.008064516129032258}}}}}},"o":{"docs":{},"k":{"docs":{},"r":{"docs":{},"a":{"docs":{"1":{"ref":1,"tf":0.004761904761904762},"14":{"ref":14,"tf":5.072289156626506}}}}},"n":{"docs":{"1":{"ref":1,"tf":0.009523809523809525},"8":{"ref":8,"tf":0.01282051282051282},"10":{"ref":10,"tf":3.3881278538812785}},"i":{"docs":{},"o":{"docs":{},"n":{"docs":{"6":{"ref":6,"tf":0.015503875968992248},"8":{"ref":8,"tf":0.038461538461538464}}}}}},"p":{"docs":{},"e":{"docs":{},"n":{"docs":{"1":{"ref":1,"tf":0.004761904761904762}}}},"t":{"docs":{},"i":{"docs":{},"o":{"docs":{},"n":{"docs":{"9":{"ref":9,"tf":0.013333333333333334},"13":{"ref":13,"tf":0.04032258064516129}}}}}}},"r":{"docs":{},"g":{"docs":{},"a":{"docs":{},"n":{"docs":{"1":{"ref":1,"tf":0.004761904761904762}}}}}},"u":{"docs":{},"t":{"docs":{"1":{"ref":1,"tf":0.004761904761904762}}},"n":{"docs":{},"c":{"docs":{"6":{"ref":6,"tf":0.007751937984496124}}}}},"v":{"docs":{},"e":{"docs":{},"r":{"docs":{"1":{"ref":1,"tf":0.004761904761904762},"5":{"ref":5,"tf":0.00909090909090909},"12":{"ref":12,"tf":0.008771929824561403}}},"n":{"docs":{"13":{"ref":13,"tf":0.008064516129032258}}}}},"i":{"docs":{},"l":{"docs":{"10":{"ref":10,"tf":0.0136986301369863},"13":{"ref":13,"tf":0.016129032258064516}}}},"l":{"docs":{},"i":{"docs":{},"v":{"docs":{"13":{"ref":13,"tf":0.016129032258064516}}}}}},"s":{"docs":{},"a":{"docs":{},"m":{"docs":{},"e":{"docs":{"1":{"ref":1,"tf":0.004761904761904762}}}},"v":{"docs":{},"e":{"docs":{"1":{"ref":1,"tf":0.004761904761904762},"11":{"ref":11,"tf":0.012987012987012988}}}},"l":{"docs":{},"t":{"docs":{"5":{"ref":5,"tf":0.01818181818181818},"9":{"ref":9,"tf":0.02666666666666667},"12":{"ref":12,"tf":0.008771929824561403},"13":{"ref":13,"tf":0.016129032258064516},"14":{"ref":14,"tf":0.024096385542168676},"15":{"ref":15,"tf":0.03389830508474576}},"i":{"docs":{"13":{"ref":13,"tf":0.008064516129032258}}}}},"u":{"docs":{},"c":{"docs":{"6":{"ref":6,"tf":0.023255813953488372}},"e":{"docs":{},"p":{"docs":{},"a":{"docs":{},"n":{"docs":{"5":{"ref":5,"tf":0.00909090909090909},"12":{"ref":12,"tf":0.0043859649122807015}}}}}}}}},"c":{"docs":{},"h":{"docs":{},"e":{"docs":{},"m":{"docs":{},"a":{"docs":{},".":{"docs":{},"o":{"docs":{},"r":{"docs":{},"g":{"docs":{"1":{"ref":1,"tf":0.004761904761904762}}}}}}}}}},"o":{"docs":{},"r":{"docs":{},"c":{"docs":{},"h":{"docs":{"9":{"ref":9,"tf":0.013333333333333334}}}}}}},"e":{"docs":{},"c":{"docs":{},"o":{"docs":{},"n":{"docs":{},"d":{"docs":{"1":{"ref":1,"tf":0.004761904761904762}}}}}},"r":{"docs":{},"v":{"docs":{"6":{"ref":6,"tf":0.007751937984496124},"7":{"ref":7,"tf":0.0136986301369863},"8":{"ref":8,"tf":0.01282051282051282},"11":{"ref":11,"tf":0.012987012987012988},"13":{"ref":13,"tf":0.008064516129032258}},"i":{"docs":{},"c":{"docs":{"1":{"ref":1,"tf":0.009523809523809525}}}}}},"a":{"docs":{"9":{"ref":9,"tf":0.013333333333333334}},"r":{"docs":{"9":{"ref":9,"tf":0.013333333333333334},"11":{"ref":11,"tf":0.012987012987012988}},"c":{"docs":{},"h":{"docs":{"2":{"ref":2,"tf":0.11290322580645161}},"-":{"docs":{},"q":{"docs":{},"u":{"docs":{},"e":{"docs":{},"r":{"docs":{},"y":{"docs":{},"'":{"docs":{},")":{"docs":{},".":{"docs":{},"l":{"docs":{},"u":{"docs":{},"n":{"docs":{},"r":{"docs":{},"s":{"docs":{},"e":{"docs":{},"a":{"docs":{},"r":{"docs":{},"c":{"docs":{},"h":{"docs":{"2":{"ref":2,"tf":0.016129032258064516}}}}}}}}}}}}}}}}}}}},"r":{"docs":{},"e":{"docs":{},"s":{"docs":{},"u":{"docs":{},"l":{"docs":{},"t":{"docs":{"2":{"ref":2,"tf":0.016129032258064516}},"s":{"docs":{},"-":{"docs":{},"t":{"docs":{},"e":{"docs":{},"m":{"docs":{},"p":{"docs":{},"l":{"docs":{"2":{"ref":2,"tf":0.016129032258064516}}}}}}}}}}}}}}}}}}},"l":{"docs":{"11":{"ref":11,"tf":0.012987012987012988}}},"s":{"docs":{},"o":{"docs":{"14":{"ref":14,"tf":0.012048192771084338}},"n":{"docs":{"14":{"ref":14,"tf":0.024096385542168676}}}}}},"l":{"docs":{},"e":{"docs":{},"c":{"docs":{},"t":{"docs":{},"o":{"docs":{},"r":{"docs":{"2":{"ref":2,"tf":0.04838709677419355}}}}}}}},"e":{"docs":{},"d":{"docs":{"10":{"ref":10,"tf":0.0136986301369863}}}}},"h":{"docs":{},"a":{"docs":{},"r":{"docs":{},"e":{"docs":{"1":{"ref":1,"tf":0.004761904761904762}}}},"p":{"docs":{},"e":{"docs":{"3":{"ref":3,"tf":0.013513513513513514},"12":{"ref":12,"tf":0.0043859649122807015}}}}},"i":{"docs":{},"n":{"docs":{},"e":{"docs":{},"r":{"docs":{"6":{"ref":6,"tf":0.007751937984496124}}}}}},"r":{"docs":{},"e":{"docs":{},"d":{"docs":{"6":{"ref":6,"tf":0.007751937984496124},"7":{"ref":7,"tf":0.0136986301369863}}}}},"o":{"docs":{},"u":{"docs":{},"l":{"docs":{},"d":{"docs":{},"e":{"docs":{},"r":{"docs":{"11":{"ref":11,"tf":0.012987012987012988}}}}}}}},"e":{"docs":{},"e":{"docs":{},"t":{"docs":{"13":{"ref":13,"tf":0.008064516129032258},"14":{"ref":14,"tf":0.012048192771084338}}}}}},"i":{"docs":{},"m":{"docs":{},"p":{"docs":{},"l":{"docs":{"1":{"ref":1,"tf":0.004761904761904762},"3":{"ref":3,"tf":0.013513513513513514},"4":{"ref":4,"tf":0.017857142857142856},"5":{"ref":5,"tf":0.00909090909090909},"8":{"ref":8,"tf":0.01282051282051282},"14":{"ref":14,"tf":0.012048192771084338}},"i":{"docs":{"14":{"ref":14,"tf":0.012048192771084338}}}}},"m":{"docs":{},"e":{"docs":{},"r":{"docs":{"6":{"ref":6,"tf":0.007751937984496124}}}}}},"n":{"docs":{},"g":{"docs":{},"l":{"docs":{"14":{"ref":14,"tf":0.012048192771084338}}}}}},"m":{"docs":{},"a":{"docs":{},"s":{"docs":{},"h":{"docs":{"1":{"ref":1,"tf":0.004761904761904762},"15":{"ref":15,"tf":5.033898305084746}}}},"l":{"docs":{},"l":{"docs":{"5":{"ref":5,"tf":0.01818181818181818},"12":{"ref":12,"tf":0.008771929824561403}}}}},"o":{"docs":{},"o":{"docs":{},"t":{"docs":{},"h":{"docs":{"5":{"ref":5,"tf":0.00909090909090909},"12":{"ref":12,"tf":0.0043859649122807015}}}},"s":{"docs":{},"h":{"docs":{},"i":{"docs":{"15":{"ref":15,"tf":0.01694915254237288}}}}}}}},"o":{"docs":{},"m":{"docs":{},"e":{"docs":{},"t":{"docs":{},"h":{"docs":{"1":{"ref":1,"tf":0.004761904761904762}}}}}},"o":{"docs":{},"n":{"docs":{"1":{"ref":1,"tf":0.004761904761904762}}}},"u":{"docs":{"2":{"ref":2,"tf":0.016129032258064516},"9":{"ref":9,"tf":0.013333333333333334},"11":{"ref":11,"tf":0.025974025974025976}},"p":{"docs":{"1":{"ref":1,"tf":0.009523809523809525},"6":{"ref":6,"tf":2.5232558139534884},"8":{"ref":8,"tf":0.01282051282051282}}},"r":{"docs":{},"c":{"docs":{"1":{"ref":1,"tf":0.004761904761904762}},"h":{"docs":{"11":{"ref":11,"tf":0.012987012987012988}}}}}},"f":{"docs":{},"t":{"docs":{"7":{"ref":7,"tf":0.0136986301369863}}}},"w":{"docs":{"13":{"ref":13,"tf":0.008064516129032258}}}},"p":{"docs":{},"e":{"docs":{},"c":{"docs":{},"i":{"docs":{},"a":{"docs":{},"l":{"docs":{"1":{"ref":1,"tf":0.004761904761904762}}}}}}},"o":{"docs":{},"t":{"docs":{"1":{"ref":1,"tf":0.004761904761904762}}}},"r":{"docs":{},"o":{"docs":{},"u":{"docs":{},"t":{"docs":{"1":{"ref":1,"tf":0.004761904761904762},"13":{"ref":13,"tf":3.35752688172043}}}}},"i":{"docs":{},"n":{"docs":{},"k":{"docs":{},"l":{"docs":{"9":{"ref":9,"tf":0.013333333333333334}}}}}},"e":{"docs":{},"a":{"docs":{},"d":{"docs":{"12":{"ref":12,"tf":0.0043859649122807015}}}}}},"i":{"docs":{},"c":{"docs":{},"i":{"docs":{"14":{"ref":14,"tf":0.012048192771084338}}}}}},"t":{"docs":{},"a":{"docs":{},"i":{"docs":{"1":{"ref":1,"tf":0.004761904761904762}}},"r":{"docs":{},"t":{"docs":{"6":{"ref":6,"tf":0.007751937984496124},"8":{"ref":8,"tf":0.01282051282051282},"13":{"ref":13,"tf":0.016129032258064516},"14":{"ref":14,"tf":0.012048192771084338}}}}},"e":{"docs":{},"a":{"docs":{},"k":{"docs":{"1":{"ref":1,"tf":0.004761904761904762},"9":{"ref":9,"tf":0.013333333333333334},"11":{"ref":11,"tf":5.038961038961039}},"(":{"docs":{"9":{"ref":9,"tf":0.02666666666666667}}}}},"w":{"docs":{"1":{"ref":1,"tf":0.004761904761904762},"8":{"ref":8,"tf":3.384615384615384}}},"v":{"docs":{},"i":{"docs":{},"a":{"docs":{"10":{"ref":10,"tf":0.0136986301369863}}}}},"p":{"docs":{"12":{"ref":12,"tf":0.013157894736842105}}}},"o":{"docs":{},"r":{"docs":{},"e":{"docs":{"1":{"ref":1,"tf":0.004761904761904762}}}}},"r":{"docs":{},"i":{"docs":{},"p":{"docs":{"1":{"ref":1,"tf":0.004761904761904762},"9":{"ref":9,"tf":3.373333333333333}}}},"a":{"docs":{},"w":{"docs":{},"b":{"docs":{},"e":{"docs":{},"r":{"docs":{},"r":{"docs":{},"i":{"docs":{"4":{"ref":4,"tf":0.017857142857142856},"12":{"ref":12,"tf":0.0043859649122807015}}}}}}}}}},"u":{"docs":{},"m":{"docs":{},"b":{"docs":{},"l":{"docs":{"1":{"ref":1,"tf":0.004761904761904762}}}}}},"i":{"docs":{},"r":{"docs":{"5":{"ref":5,"tf":0.06363636363636363},"6":{"ref":6,"tf":0.007751937984496124},"12":{"ref":12,"tf":0.03070175438596491}}},"c":{"docs":{},"k":{"docs":{"7":{"ref":7,"tf":0.0136986301369863}}}},"n":{"docs":{},"k":{"docs":{},"i":{"docs":{"15":{"ref":15,"tf":0.01694915254237288}}}}}}},"k":{"docs":{},"e":{"docs":{},"t":{"docs":{},"c":{"docs":{},"h":{"docs":{"3":{"ref":3,"tf":0.013513513513513514},"4":{"ref":4,"tf":0.017857142857142856},"5":{"ref":5,"tf":0.00909090909090909},"6":{"ref":6,"tf":0.007751937984496124},"7":{"ref":7,"tf":0.0136986301369863},"8":{"ref":8,"tf":0.01282051282051282},"9":{"ref":9,"tf":0.013333333333333334},"10":{"ref":10,"tf":0.0136986301369863},"11":{"ref":11,"tf":0.012987012987012988},"12":{"ref":12,"tf":0.0043859649122807015},"13":{"ref":13,"tf":0.008064516129032258},"14":{"ref":14,"tf":0.012048192771084338},"15":{"ref":15,"tf":0.01694915254237288}}}}}}},"u":{"docs":{},"b":{"docs":{},"s":{"docs":{},"c":{"docs":{},"r":{"docs":{},"i":{"docs":{},"b":{"docs":{"3":{"ref":3,"tf":0.013513513513513514},"4":{"ref":4,"tf":0.017857142857142856},"5":{"ref":5,"tf":0.00909090909090909},"6":{"ref":6,"tf":0.007751937984496124},"7":{"ref":7,"tf":0.0136986301369863},"8":{"ref":8,"tf":0.01282051282051282},"9":{"ref":9,"tf":0.013333333333333334},"10":{"ref":10,"tf":0.0136986301369863},"11":{"ref":11,"tf":0.012987012987012988},"12":{"ref":12,"tf":0.0043859649122807015},"13":{"ref":13,"tf":0.008064516129032258},"14":{"ref":14,"tf":0.012048192771084338},"15":{"ref":15,"tf":0.01694915254237288}}}}}}},"/":{"docs":{},"s":{"docs":{},"w":{"docs":{},"a":{"docs":{},"p":{"docs":{},"/":{"docs":{},"s":{"docs":{},"w":{"docs":{},"i":{"docs":{},"t":{"docs":{},"c":{"docs":{},"h":{"docs":{"8":{"ref":8,"tf":0.01282051282051282}}}}}}}}}}}}}},"m":{"docs":{},"e":{"docs":{},"r":{"docs":{},"g":{"docs":{"11":{"ref":11,"tf":0.012987012987012988}}}}}}},"g":{"docs":{},"a":{"docs":{},"r":{"docs":{"3":{"ref":3,"tf":0.02702702702702703},"4":{"ref":4,"tf":0.017857142857142856},"5":{"ref":5,"tf":0.01818181818181818},"10":{"ref":10,"tf":0.0136986301369863},"12":{"ref":12,"tf":0.021929824561403508}}}}},"p":{"docs":{},"e":{"docs":{},"r":{"docs":{"7":{"ref":7,"tf":0.0136986301369863}}}}},"c":{"docs":{},"h":{"docs":{"13":{"ref":13,"tf":0.008064516129032258}}}}},"q":{"docs":{},"u":{"docs":{},"i":{"docs":{},"r":{"docs":{},"t":{"docs":{"4":{"ref":4,"tf":0.017857142857142856},"12":{"ref":12,"tf":0.0043859649122807015}}}}}}},"l":{"docs":{},"o":{"docs":{},"w":{"docs":{"7":{"ref":7,"tf":0.0136986301369863}}}},"i":{"docs":{},"c":{"docs":{},"e":{"docs":{"9":{"ref":9,"tf":0.013333333333333334},"13":{"ref":13,"tf":0.024193548387096774},"14":{"ref":14,"tf":0.012048192771084338}}}}}},"w":{"docs":{},"e":{"docs":{},"e":{"docs":{},"t":{"docs":{},"e":{"docs":{},"n":{"docs":{"13":{"ref":13,"tf":0.008064516129032258}}}}}}}}},"u":{"docs":{},"n":{"docs":{},"d":{"docs":{},"e":{"docs":{},"r":{"docs":{"1":{"ref":1,"tf":0.004761904761904762},"13":{"ref":13,"tf":0.008064516129032258},"14":{"ref":14,"tf":0.012048192771084338}}}}},"t":{"docs":{},"i":{"docs":{},"l":{"docs":{"5":{"ref":5,"tf":0.01818181818181818},"6":{"ref":6,"tf":0.007751937984496124},"12":{"ref":12,"tf":0.008771929824561403}}}}}},"s":{"docs":{"1":{"ref":1,"tf":0.004761904761904762},"3":{"ref":3,"tf":0.013513513513513514},"5":{"ref":5,"tf":0.00909090909090909},"6":{"ref":6,"tf":0.015503875968992248},"12":{"ref":12,"tf":0.0043859649122807015}},"u":{"docs":{},"a":{"docs":{},"l":{"docs":{"14":{"ref":14,"tf":0.012048192771084338}}}}}},"r":{"docs":{},"l":{"docs":{"2":{"ref":2,"tf":0.016129032258064516}}}},"l":{"docs":{"3":{"ref":3,"tf":0.013513513513513514},"4":{"ref":4,"tf":0.017857142857142856},"5":{"ref":5,"tf":0.00909090909090909},"6":{"ref":6,"tf":0.007751937984496124},"7":{"ref":7,"tf":0.0136986301369863},"8":{"ref":8,"tf":0.01282051282051282},"9":{"ref":9,"tf":0.013333333333333334},"10":{"ref":10,"tf":0.0136986301369863},"11":{"ref":11,"tf":0.012987012987012988},"12":{"ref":12,"tf":0.0043859649122807015},"13":{"ref":13,"tf":0.008064516129032258},"14":{"ref":14,"tf":0.012048192771084338},"15":{"ref":15,"tf":0.01694915254237288}},"t":{"docs":{},"i":{"docs":{},"m":{"docs":{"9":{"ref":9,"tf":0.013333333333333334}}}}}},"p":{"docs":{"11":{"ref":11,"tf":0.012987012987012988}}}},"v":{"docs":{},"a":{"docs":{},"n":{"docs":{},"i":{"docs":{},"l":{"docs":{},"l":{"docs":{},"a":{"docs":{"1":{"ref":1,"tf":0.004761904761904762},"5":{"ref":5,"tf":3.3787878787878785},"12":{"ref":12,"tf":0.017543859649122806}}}}}}}},"i":{"docs":{},"a":{"docs":{"1":{"ref":1,"tf":0.004761904761904762},"3":{"ref":3,"tf":0.013513513513513514},"4":{"ref":4,"tf":0.017857142857142856},"5":{"ref":5,"tf":0.00909090909090909},"6":{"ref":6,"tf":0.007751937984496124},"7":{"ref":7,"tf":0.0136986301369863},"8":{"ref":8,"tf":0.01282051282051282},"9":{"ref":9,"tf":0.013333333333333334},"10":{"ref":10,"tf":0.0136986301369863},"11":{"ref":11,"tf":0.012987012987012988},"12":{"ref":12,"tf":0.0043859649122807015},"13":{"ref":13,"tf":0.008064516129032258},"14":{"ref":14,"tf":0.012048192771084338},"15":{"ref":15,"tf":0.01694915254237288}}},"e":{"docs":{},"w":{"docs":{"1":{"ref":1,"tf":0.004761904761904762}}}},"d":{"docs":{},"e":{"docs":{"2":{"ref":2,"tf":0.016129032258064516},"9":{"ref":9,"tf":0.013333333333333334},"11":{"ref":11,"tf":0.025974025974025976}}}}},"e":{"docs":{},"r":{"docs":{},"t":{"docs":{},"s":{"docs":{},"a":{"docs":{},"t":{"docs":{},"i":{"docs":{},"l":{"docs":{"10":{"ref":10,"tf":0.0136986301369863}}}}}}}},"s":{"docs":{},"a":{"docs":{},"t":{"docs":{},"i":{"docs":{},"l":{"docs":{"13":{"ref":13,"tf":0.008064516129032258}}}}}}}},"g":{"docs":{},"g":{"docs":{},"i":{"docs":{"13":{"ref":13,"tf":0.016129032258064516}}}}}}},"w":{"docs":{},"o":{"docs":{},"r":{"docs":{},"k":{"docs":{"1":{"ref":1,"tf":0.009523809523809525}}},"c":{"docs":{},"e":{"docs":{},"s":{"docs":{},"t":{"docs":{},"e":{"docs":{},"r":{"docs":{},"s":{"docs":{},"h":{"docs":{},"i":{"docs":{},"r":{"docs":{"6":{"ref":6,"tf":0.015503875968992248}}}}}}}}}}}},"t":{"docs":{},"h":{"docs":{"15":{"ref":15,"tf":0.01694915254237288}}}}},"w":{"docs":{"12":{"ref":12,"tf":0.0043859649122807015}}}},"i":{"docs":{},"t":{"docs":{},"h":{"docs":{},"i":{"docs":{},"n":{"docs":{"2":{"ref":2,"tf":0.016129032258064516}}}}}},"n":{"docs":{},"e":{"docs":{"6":{"ref":6,"tf":0.015503875968992248}}}}},"h":{"docs":{},"i":{"docs":{},"t":{"docs":{},"e":{"docs":{"3":{"ref":3,"tf":0.013513513513513514},"4":{"ref":4,"tf":0.017857142857142856},"6":{"ref":6,"tf":0.015503875968992248},"11":{"ref":11,"tf":0.025974025974025976},"12":{"ref":12,"tf":0.008771929824561403}}}}},"a":{"docs":{},"t":{"docs":{},"e":{"docs":{},"v":{"docs":{"6":{"ref":6,"tf":0.007751937984496124},"8":{"ref":8,"tf":0.01282051282051282}}}}}}},"a":{"docs":{},"n":{"docs":{},"t":{"docs":{"6":{"ref":6,"tf":0.007751937984496124},"13":{"ref":13,"tf":0.008064516129032258}}}},"t":{"docs":{},"e":{"docs":{},"r":{"docs":{"9":{"ref":9,"tf":0.013333333333333334}}}}},"s":{"docs":{},"h":{"docs":{"13":{"ref":13,"tf":0.008064516129032258},"14":{"ref":14,"tf":0.012048192771084338}}}}},"e":{"docs":{},"l":{"docs":{},"l":{"docs":{"6":{"ref":6,"tf":0.007751937984496124}}}}}},"y":{"docs":{},"e":{"docs":{"13":{"ref":13,"tf":0.008064516129032258},"15":{"ref":15,"tf":0.01694915254237288}},"a":{"docs":{},"r":{"docs":{"1":{"ref":1,"tf":0.004761904761904762}}}}},"o":{"docs":{},"r":{"docs":{},"k":{"docs":{"1":{"ref":1,"tf":0.004761904761904762},"9":{"ref":9,"tf":3.36}}}},"u":{"docs":{},"'":{"docs":{},"v":{"docs":{"1":{"ref":1,"tf":0.004761904761904762}}}},"’":{"docs":{},"v":{"docs":{"8":{"ref":8,"tf":0.01282051282051282},"10":{"ref":10,"tf":0.0136986301369863}}},"r":{"docs":{"13":{"ref":13,"tf":0.008064516129032258}}}}},"l":{"docs":{},"k":{"docs":{"5":{"ref":5,"tf":0.01818181818181818},"12":{"ref":12,"tf":0.008771929824561403}}}}}},"q":{"docs":{},"u":{"docs":{},"a":{"docs":{},"r":{"docs":{},"t":{"docs":{"6":{"ref":6,"tf":0.007751937984496124}}}}},"i":{"docs":{},"c":{"docs":{},"k":{"docs":{"10":{"ref":10,"tf":0.0136986301369863}}}}}}},"k":{"docs":{},"i":{"docs":{},"t":{"docs":{},"c":{"docs":{},"h":{"docs":{},"e":{"docs":{},"n":{"docs":{"8":{"ref":8,"tf":0.01282051282051282}}}}}}}},"e":{"docs":{},"e":{"docs":{},"p":{"docs":{"13":{"ref":13,"tf":0.008064516129032258},"14":{"ref":14,"tf":0.012048192771084338}}}}}}},"length":192588},"corpusTokens":["1","1/2","1/3","1/4","10","10-15","140","15","1lb","1⁄2","1⁄4","2","24h","3","4","4-5","6","6-8","abov","activ","ad","add","all-purpos","alon","amount","anova","anyth","anything’","app","around","articl","asia","assembl","assort","attempt","austin","autom","avoid","bag","bake","bath","bbq","beaten","beati","beef","beer","behind-the-scen","berri","beta","better","bia","bit","blacken","bock","boil","bonu","both","bottl","bowl","break","breast","bring","broccoli","broil","broiler","broth","brussel","bubbl","buffalo","bui","bunch","burnout","butter","call","came","camera","campsit","can","card","carrot","celeri","central","chang","chart","cheap","chees","cheesecak","chef","chefstep","chicken","chile","chowdown","cinnamon","circul","clark","clark@clarklab","clarklab","class=\"mt3","close","coffe","cold","collect","combin","come","complet","compon","component-bas","consid","consist","constantli","consult","contain","content","contribut","cook","cooker","cool","copi","corn","cracker","cranberri","crazi","cream","creat","crockpot","crouton","crumb","crust","cup","custard","custom","cut","dai","dang","dash","data","databas","datetime=\"{{pubd","date}}<small><tim","definit","delici","depend","dessert","develop","dial","dice","direct","dish","do","document","down","dozen","drop","dry","each","eas","easi","eat","edg","egg","element","emul","enough","enter","entri","etc","everything'","exampl","excit","extract","ey","factor","fair","fairli","famili","fanci","favorit","featur","feel","file","fill","fix","flavor","flax","flour","folk","food","form","format","found","frank’","free","freezer","fri","fridg","friend","full-text","function","game","garlic","gener","gentl","gentli","github","go","gold","golden","gonna","good","goodi","gourmand'","gourmand’","graduat","graham","grate","great","green","ground","guest","guid","h1","h3","hack","hackathon","hacker","half","handi","hard","hawaiian","healthi","heart","heat","heavi","heb","hei","hell","herb","here","here'","hibachi","high","home","honei","hood","hot","hour","href=\"{{url","href=\"{{url}}\">{{title}}</a","href=\"{{url}}\">{{title}}{{image}}</a","huge","i'm","i'v","ic","icon","immerison","index","indexurl","individu","ingredi","inspir","it'","itself","it’","i’m","jar","jekyl","jekyll'","js/index.json","json","keep","kitchen","late","layout","lazi","learn","lengthwis","let'","li\").prepend('<input","lightli","list","lock-in","logo","long","longer","loos","lot","love","low","made","magic","make","markdown","market","mash","mb0","meal","meat","medium-high","melt","micorowav","microdata","microwav","milk","min","minut","mix","more","morn","move","muddler","muenster","muffin","mug","mustache.j","name'","nap","new","night","none","ny","oil","okra","oliv","on","onion","open","option","organ","ounc","out","oven","over","pack","packet","page","pale","pan","paprika","parmesan","parti","pat","pecorino","pepper","per","perfect","photo","pickl","piec","place","plain","pleas","pod","pork","portabl","portion","pour","powder","pre-mad","pre-slic","precis","prep","press","process","processor","progress","pubdate>{{displaydate}}</time></small>{{/d","pull","puls","quart","quick","rad","raisin","ranch","raspberri","read","readi","ready(funct","real","realli","recip","recipe'","red","reduc","reheat","remov","requir","rest","result","return","roast","roll","rss","salt","salti","same","sauc","saucepan","save","schema.org","scorch","sea","seal","sear","search","search-query').lunrsearch","search-result","search-results-templ","seaso","season","second","seed","selector","serv","servic","shape","share","sheet","shiner","shoulder","shred","simmer","simpl","simpli","singl","sketch","slice","slow","small","smash","smooshi","smooth","soft","someth","soon","sou","soup","sourc","sourch","sow","special","spici","spot","spread","sprinkl","sprout","squirt","stai","start","steak","steak(","step","stevia","stew","stick","stinki","stir","store","strawberri","strip","stumbl","sub/swap/switch","submerg","subscrib","such","sugar","super","sweeten","tablespoon","tag","take","talk","tart","tast","tb","tbsp","teaspoon","techniqu","temperatur","templat","tempt","term","text","that’","thicken","thin","thing","thinli","through","time","tip","titl","top","toss","touch","trai","tri","try","tsp","twitter","type=\"checkbox","ul","ultim","under","until","up","url","us","usual","vanilla","veggi","versatil","vertsatil","via","vide","view","want","wash","water","well","whatev","white","wine","within","worcestershir","work","worth","wow","ye","year","yolk","york","you'v","you’r","you’v"],"pipeline":["stopWordFilter","stemmer"]}}